0,1,2,3,4,5,6,7,8
186.0,188.0,189.0,177.0,175.0,177.0,168.0,170.0,172.0
14.0,12.0,12.0,83.0,81.0,52.0,113.0,80.0,47.0
165.0,119.0,186.0,190.0,111.0,178.0,165.0,102.0,101.0
192.0,192.0,191.0,193.0,131.0,187.0,192.0,134.0,184.0
11.0,11.0,11.0,10.0,10.0,9.0,139.0,128.0,76.0
127.0,127.0,127.0,154.0,118.0,144.0,124.0,83.0,100.0
128.0,170.0,110.0,140.0,171.0,123.0,183.0,207.0,195.0
152.0,161.0,155.5,189.0,176.0,135.0,143.0,148.0,160.0
97.0,68.0,104.0,77.0,40.0,72.0,84.0,77.0,120.0
148.0,130.0,164.0,38.0,152.0,166.0,22.0,32.0,108.0
137.0,155.0,137.0,138.0,141.0,140.0,127.0,140.0,131.0
224.0,145.0,91.0,220.0,62.0,54.0,209.0,132.0,65.0
172.0,136.0,87.0,114.0,147.0,141.0,160.0,165.0,208.0
18.0,48.0,18.0,70.0,66.0,47.0,18.0,77.0,18.0
248.0,244.0,249.0,229.0,196.0,221.0,244.0,193.0,243.0
94.0,101.0,169.0,171.0,68.0,167.0,96.0,98.0,122.0
178.0,175.0,165.0,189.0,136.0,169.0,205.0,130.0,187.0
1.0,23.0,1.0,1.0,73.0,2.0,1.0,55.0,1.0
255.0,255.0,255.0,255.0,255.0,255.0,255.0,255.0,255.0
235.0,233.0,222.0,224.0,88.0,209.0,209.0,124.0,195.0
20.0,21.0,21.0,36.0,42.0,29.0,63.0,69.0,68.0
210.0,214.0,217.0,189.0,172.0,182.0,92.0,114.0,96.0
107.0,108.0,92.0,92.0,104.0,84.0,87.0,129.0,70.0
164.0,161.0,74.0,162.0,144.0,151.0,160.0,172.0,171.0
47.0,124.0,64.0,34.0,90.0,46.0,10.0,13.0,15.0
184.0,138.0,190.0,184.0,132.0,194.0,180.0,129.0,187.0
122.0,115.0,117.0,129.0,138.0,146.0,106.0,106.0,102.0
199.0,219.0,178.0,189.0,210.0,176.0,91.0,98.0,136.0
160.0,195.0,185.0,164.0,182.0,170.0,113.0,126.0,112.0
134.0,120.0,118.0,126.0,114.0,109.0,140.0,152.0,134.0
98.0,98.0,43.0,108.0,80.0,54.0,127.0,112.0,80.0
108.0,106.0,102.0,79.0,83.0,84.0,59.0,62.0,62.0
232.0,232.0,232.0,232.0,232.0,232.0,232.0,232.0,232.0
150.0,175.0,92.0,205.0,116.0,92.0,195.0,167.0,64.0
0.0,0.0,0.0,0.0,6.0,0.0,0.0,0.0,0.0
10.0,12.0,10.0,46.0,173.0,48.0,17.0,53.0,48.0
168.0,204.0,175.0,139.0,165.0,190.0,146.0,182.0,161.0
201.0,224.0,224.0,214.0,226.0,233.0,128.0,130.0,134.0
246.0,234.0,234.0,246.0,233.0,234.0,225.0,232.0,225.0
27.0,22.0,26.0,67.0,37.0,24.0,66.0,36.0,23.0
84.0,84.0,78.0,72.0,74.0,63.0,118.0,95.0,103.0
169.0,171.0,92.0,108.0,100.0,94.0,103.0,79.0,70.0
183.0,176.0,178.0,171.0,171.0,172.0,165.0,163.0,165.0
132.0,108.0,148.0,107.0,84.0,79.0,62.0,86.0,36.0
240.0,240.0,240.0,134.0,202.0,125.0,78.0,90.0,65.0
78.0,120.0,145.0,84.0,121.0,158.0,56.0,83.0,104.0
242.0,244.0,246.0,238.0,241.0,244.0,236.0,208.0,244.0
255.0,255.0,255.0,255.0,132.0,255.0,255.0,255.0,255.0
204.0,178.0,205.0,121.0,150.0,154.0,129.0,142.0,152.0
120.0,120.0,122.0,98.0,112.0,191.0,120.0,120.0,121.0
255.0,153.0,255.0,255.0,145.0,255.0,255.0,141.0,255.0
160.0,169.0,167.0,115.0,142.0,153.0,68.0,164.0,84.0
168.0,168.0,168.0,168.0,178.0,168.0,168.0,168.0,168.0
79.0,132.0,104.0,104.0,146.0,114.0,101.0,148.0,104.0
93.0,96.0,52.0,123.0,147.0,90.0,116.0,139.0,189.0
248.0,253.0,251.0,148.0,166.0,78.0,122.0,134.0,193.0
206.0,199.0,237.0,111.0,158.0,153.0,98.0,98.0,90.0
176.0,173.0,180.0,134.0,109.0,100.0,125.0,134.0,38.0
155.0,166.0,146.0,57.0,42.0,93.0,143.0,142.0,146.0
15.0,15.0,16.0,186.0,88.0,97.0,68.0,188.0,187.0
170.0,179.0,172.0,180.0,180.0,175.0,156.0,176.0,174.0
0.0,0.0,0.0,0.0,1.0,1.0,1.0,1.0,1.0
136.0,89.0,56.0,58.0,87.0,66.0,169.0,101.0,89.0
94.0,192.0,110.0,122.0,186.0,137.0,142.0,187.0,157.0
215.0,215.0,215.0,215.0,213.0,215.0,215.0,215.0,215.0
217.0,216.0,218.0,210.0,210.0,213.0,208.0,215.0,214.0
19.0,23.0,47.0,29.0,37.0,49.0,24.0,22.0,18.0
174.0,159.0,184.0,186.0,189.0,117.0,98.0,183.0,96.0
174.0,115.0,174.0,182.0,127.0,116.0,52.0,127.0,100.0
242.0,237.0,155.0,245.0,233.0,59.0,232.0,203.0,149.0
143.0,146.0,141.0,143.0,142.0,139.0,166.0,143.0,138.0
233.0,111.0,222.0,238.0,124.0,165.0,128.0,114.0,223.0
12.0,184.0,9.0,13.0,208.0,23.0,200.0,220.0,199.0
135.0,129.0,125.0,130.0,54.0,126.0,205.0,184.0,116.0
16.0,26.0,22.0,11.0,19.0,18.0,16.0,23.0,21.0
223.0,210.0,221.0,171.0,177.0,137.0,251.0,159.0,251.0
223.0,227.0,227.0,211.0,199.0,213.0,204.0,199.0,217.0
196.0,190.0,193.0,194.0,196.0,197.0,66.0,118.0,64.0
67.0,61.0,46.0,80.0,91.0,53.0,49.0,72.0,42.0
200.0,193.0,141.0,166.0,154.0,158.0,233.0,154.0,157.0
190.0,200.0,205.0,166.0,128.0,174.0,131.0,106.0,98.0
157.0,159.0,171.0,163.0,175.0,199.0,189.0,204.0,225.0
242.0,232.0,230.0,197.0,191.0,175.0,227.0,223.0,197.0
158.0,113.0,169.0,181.0,142.0,151.0,197.0,173.0,195.0
200.0,149.0,167.0,255.0,113.0,255.0,255.0,126.0,255.0
158.0,170.0,166.0,140.0,135.0,152.0,94.0,154.0,139.0
254.0,254.0,254.0,254.0,253.0,254.0,254.0,254.0,254.0
255.0,255.0,255.0,255.0,128.0,255.0,255.0,255.0,255.0
198.0,198.0,198.0,198.0,198.0,198.0,198.0,198.0,198.0
205.0,205.0,202.0,200.0,70.0,77.0,147.0,170.0,159.0
70.0,74.0,115.0,151.0,157.0,142.0,102.0,130.0,97.0
92.0,90.0,88.0,95.0,95.0,94.0,207.0,212.0,204.0
204.0,206.0,206.0,196.0,199.0,193.0,131.0,129.0,135.0
81.0,119.0,81.0,232.0,231.0,229.0,50.0,202.0,44.0
255.0,234.0,255.0,248.0,221.0,253.0,255.0,233.0,255.0
211.0,141.0,191.0,178.0,144.0,188.0,172.0,133.0,162.0
189.0,183.0,186.0,195.0,184.0,194.0,190.0,106.0,186.0
162.0,121.0,192.0,104.0,140.0,192.0,104.0,144.0,192.0
126.0,100.0,97.0,98.0,91.0,90.0,100.0,100.0,92.0
222.0,225.0,225.0,149.0,33.0,34.0,226.0,31.0,166.0
133.0,134.0,135.0,138.0,138.0,172.0,142.0,177.0,144.0
149.0,134.0,155.0,195.0,170.0,175.0,180.0,174.0,175.0
255.0,255.0,255.0,150.0,172.0,178.0,255.0,255.0,255.0
166.0,169.0,163.0,159.0,111.0,158.0,146.0,133.0,139.0
255.0,255.0,255.0,255.0,155.0,255.0,255.0,255.0,255.0
173.0,167.0,164.0,156.0,160.0,162.0,154.0,148.0,150.0
147.0,125.0,102.0,117.0,118.0,116.0,95.0,92.0,100.0
60.0,47.0,63.0,29.0,147.0,78.0,20.0,55.0,31.0
184.0,190.0,175.0,177.0,138.0,167.0,156.0,110.0,106.0
158.0,158.0,168.0,173.0,128.0,138.0,142.0,120.0,140.0
104.0,150.0,185.0,77.0,87.0,88.0,68.0,134.0,64.0
52.0,76.0,55.0,42.0,99.0,69.0,27.0,60.0,34.0
227.0,223.0,137.0,185.0,143.0,139.0,147.0,164.0,161.0
120.0,129.0,136.0,142.0,160.0,140.0,172.0,183.0,85.0
72.0,44.0,147.0,98.0,45.0,69.0,70.0,65.0,68.0
172.0,172.0,171.0,172.0,222.0,171.0,172.0,227.0,172.0
222.0,223.0,224.0,223.0,223.0,220.0,222.0,216.0,196.0
247.0,247.0,247.0,247.0,247.0,247.0,247.0,247.0,247.0
255.0,255.0,255.0,255.0,255.0,255.0,255.0,255.0,255.0
136.0,137.0,159.0,57.0,173.0,183.0,164.0,201.0,181.0
186.0,193.0,196.0,198.0,102.0,208.0,232.0,234.0,236.0
217.0,209.0,187.0,201.0,194.0,176.0,104.0,100.0,81.0
168.0,86.0,140.0,177.0,98.0,136.0,177.0,92.0,130.0
78.0,134.0,123.0,98.0,131.0,129.0,90.0,110.0,114.0
53.0,16.0,18.0,19.0,174.0,34.0,28.0,165.0,45.0
126.0,194.0,190.0,96.0,203.0,206.0,132.0,203.0,215.0
247.0,247.0,212.0,247.0,247.0,222.0,247.0,224.0,220.0
201.0,198.0,198.0,201.0,117.0,198.0,201.0,201.0,201.0
140.0,106.0,143.0,120.0,110.0,102.0,106.0,143.0,173.0
114.0,118.0,117.0,136.0,131.0,121.0,112.0,90.0,54.0
102.0,130.0,45.0,129.0,125.0,53.0,110.0,99.0,104.0
194.0,182.0,166.0,180.0,174.0,161.0,147.0,142.0,159.0
92.0,93.0,126.0,91.0,134.0,98.0,124.0,98.0,92.0
52.0,122.0,52.0,78.0,129.0,78.0,59.0,90.0,61.0
96.0,104.0,114.0,104.0,95.0,127.0,96.0,101.0,112.0
166.0,63.0,143.0,167.0,48.0,126.0,152.0,98.0,120.0
167.0,186.0,189.0,194.0,207.0,197.0,94.0,98.0,97.0
213.0,213.0,213.0,225.0,225.0,225.0,225.0,225.0,225.0
182.0,174.0,218.0,167.0,171.0,205.0,223.0,222.0,227.0
78.0,43.0,14.0,59.0,72.0,30.0,93.0,105.0,38.0
212.0,206.0,204.0,210.0,131.0,188.0,205.0,145.0,193.0
176.0,173.0,224.0,188.0,236.0,174.0,165.0,185.0,182.0
215.0,213.0,92.0,175.0,180.0,217.0,179.0,176.0,157.0
75.0,45.0,34.0,119.0,75.0,23.0,174.0,115.0,26.0
135.0,167.0,177.0,52.0,78.0,132.0,178.0,177.0,194.0
237.0,195.0,242.0,221.0,207.0,238.0,238.0,228.0,234.0
111.0,114.0,117.0,116.0,111.0,112.0,126.0,127.0,115.0
226.0,195.0,212.0,203.0,156.0,208.0,227.0,219.0,246.0
191.0,104.0,68.0,149.0,68.0,79.0,66.0,45.0,70.0
3.0,74.0,11.0,8.0,155.0,26.0,0.0,113.0,20.0
205.0,203.0,205.0,202.0,200.0,206.0,90.0,87.0,198.0
68.0,49.0,76.0,139.0,72.0,146.0,48.0,60.0,50.0
104.0,90.0,64.0,112.0,90.0,72.0,115.0,114.0,75.0
86.0,72.0,95.0,49.0,128.0,44.0,28.0,54.0,24.0
109.0,109.0,109.0,109.0,185.0,109.0,109.0,128.0,109.0
203.0,112.0,244.0,153.0,205.0,242.0,237.0,206.0,155.0
222.0,166.0,222.0,220.0,102.0,219.0,135.0,60.0,207.0
159.0,159.0,159.0,159.0,164.0,159.0,159.0,159.0,159.0
238.0,239.0,239.0,236.0,237.0,238.0,238.0,239.0,239.0
147.0,143.0,143.0,133.0,139.0,144.0,135.0,129.0,136.0
202.0,200.0,198.0,66.0,94.0,101.0,36.0,34.0,31.0
210.0,220.0,195.0,145.0,228.0,142.0,119.0,138.0,130.0
152.0,154.0,168.0,168.0,132.0,140.0,161.0,110.0,125.0
167.0,210.0,195.0,163.0,122.0,99.0,111.0,168.0,178.0
6.0,8.0,7.0,58.0,25.0,20.0,11.0,10.0,10.0
255.0,255.0,255.0,137.0,118.0,114.0,255.0,255.0,255.0
20.0,20.0,20.0,20.0,107.0,20.0,20.0,20.0,20.0
143.0,129.0,124.0,126.0,131.0,127.0,111.0,113.0,114.0
159.0,177.0,210.0,108.0,95.0,117.0,80.0,140.0,157.0
174.0,175.0,176.0,165.0,154.0,171.0,169.0,186.0,173.0
222.0,193.0,44.0,225.0,223.0,202.0,220.0,156.0,201.0
215.0,215.0,215.0,215.0,215.0,215.0,215.0,217.0,215.0
42.0,29.0,44.0,46.0,73.0,46.0,30.0,73.0,62.0
232.0,127.0,233.0,224.0,223.0,222.0,227.0,224.0,233.0
0.0,252.0,0.0,0.0,250.0,0.0,0.0,136.0,0.0
66.0,79.0,136.0,110.0,115.0,166.0,131.0,179.0,193.0
184.0,126.0,197.0,199.0,46.0,203.0,196.0,72.0,223.0
197.0,189.0,187.0,196.0,188.0,179.0,101.0,111.0,125.0
239.0,239.0,239.0,236.0,233.0,237.0,237.0,237.0,239.0
138.0,146.0,141.0,146.0,134.0,137.0,147.0,126.0,131.0
138.0,52.0,64.0,179.0,115.0,110.0,204.0,219.0,189.0
5.0,6.0,0.0,5.0,10.0,2.0,0.0,0.0,0.0
243.0,244.0,244.0,242.0,242.0,244.0,242.0,243.0,244.0
125.0,125.0,161.0,105.0,124.0,141.0,44.0,121.0,125.0
231.0,226.0,226.0,222.0,82.0,227.0,233.0,223.0,233.0
69.0,51.0,42.0,122.0,118.0,65.0,149.0,204.0,159.0
202.0,225.0,199.0,92.0,112.0,107.0,86.0,90.0,80.0
133.0,196.0,193.0,181.0,202.0,137.0,83.0,47.0,79.0
190.0,189.0,192.0,161.0,104.0,147.0,189.0,173.0,162.0
45.0,151.0,45.0,81.0,80.0,51.0,142.0,126.0,122.0
216.0,88.0,228.0,210.0,146.0,213.0,200.0,84.0,207.0
108.0,112.0,118.0,110.0,118.0,123.0,116.0,121.0,126.0
0.0,0.0,0.0,0.0,184.0,0.0,0.0,0.0,0.0
245.0,245.0,245.0,245.0,245.0,245.0,245.0,245.0,245.0
242.0,242.0,242.0,242.0,220.0,242.0,242.0,242.0,242.0
255.0,255.0,255.0,231.0,231.0,230.0,235.0,235.0,236.0
188.0,167.0,155.0,115.0,84.0,106.0,155.0,136.0,110.0
196.0,196.0,196.0,196.0,196.0,196.0,196.0,196.0,196.0
70.0,60.0,76.0,36.0,53.0,79.0,55.0,40.0,52.0
144.0,143.0,158.0,148.0,124.0,145.0,163.0,155.0,24.0
211.0,122.0,211.0,211.0,7.0,211.0,211.0,46.0,211.0
255.0,255.0,255.0,255.0,255.0,255.0,255.0,255.0,255.0
178.0,190.0,167.0,128.0,161.0,102.0,100.0,102.0,86.0
121.0,89.0,94.0,94.0,58.0,88.0,76.0,81.0,55.0
216.0,212.0,212.0,216.0,184.0,217.0,212.0,205.0,211.0
198.0,197.0,194.0,120.0,183.0,114.0,78.0,96.0,86.0
120.0,182.0,87.0,121.0,152.0,72.0,110.0,160.0,112.0
1.0,22.0,1.0,111.0,127.0,78.0,159.0,164.0,126.0
64.0,107.0,68.0,60.0,108.0,48.0,46.0,52.0,38.0
239.0,247.0,230.0,251.0,254.0,251.0,164.0,159.0,210.0
180.0,143.0,83.0,183.0,108.0,89.0,185.0,113.0,97.0
124.0,153.0,149.0,102.0,123.0,151.0,92.0,116.0,114.0
25.0,27.0,23.0,28.0,138.0,30.0,11.0,16.0,16.0
219.0,177.0,225.0,200.0,162.0,201.0,236.0,218.0,233.0
255.0,255.0,255.0,250.0,168.0,249.0,70.0,71.0,74.0
208.0,209.0,197.0,209.0,209.0,209.0,108.0,108.0,108.0
203.0,126.0,203.0,203.0,108.0,203.0,203.0,106.0,203.0
112.0,113.0,110.0,111.0,245.0,108.0,102.0,79.0,100.0
147.0,210.0,146.0,81.0,129.0,76.0,77.0,74.0,82.0
180.0,217.0,104.0,113.0,229.0,185.0,167.0,239.0,122.0
131.0,160.0,135.0,161.0,177.0,164.0,132.0,160.0,133.0
163.0,138.0,109.0,190.0,161.0,86.0,171.0,146.0,68.0
135.0,134.0,119.0,191.0,152.0,104.0,179.0,174.0,149.0
254.0,168.0,254.0,230.0,148.0,211.0,254.0,236.0,254.0
235.0,234.0,235.0,210.0,206.0,219.0,135.0,136.0,138.0
187.0,159.0,189.0,188.0,112.0,188.0,145.0,54.0,169.0
92.0,93.0,62.0,103.0,176.0,84.0,102.0,137.0,88.0
36.0,36.0,43.0,39.0,37.0,57.0,97.0,41.0,27.0
199.0,197.0,216.0,192.0,185.0,190.0,195.0,190.0,193.0
122.0,59.0,104.0,61.0,64.0,65.0,64.0,68.0,52.0
79.0,171.0,235.0,88.0,114.0,141.0,88.0,75.0,152.0
133.0,159.0,182.0,176.0,176.0,180.0,179.0,171.0,186.0
220.0,233.0,230.0,236.0,227.0,235.0,209.0,211.0,213.0
255.0,232.0,255.0,251.0,214.0,245.0,255.0,105.0,255.0
161.0,88.0,59.0,120.0,79.0,75.0,146.0,121.0,116.0
203.0,168.0,186.0,186.0,171.0,194.0,216.0,202.0,203.0
197.0,205.0,232.0,178.0,186.0,229.0,159.0,153.0,138.0
106.0,123.0,117.0,100.0,108.0,112.0,44.0,63.0,58.0
234.0,234.0,234.0,234.0,234.0,234.0,234.0,234.0,234.0
239.0,239.0,239.0,236.0,237.0,237.0,238.0,237.0,239.0
211.0,203.0,214.0,201.0,195.0,200.0,215.0,200.0,205.0
202.0,202.0,202.0,202.0,39.0,202.0,202.0,202.0,202.0
212.0,179.0,223.0,204.0,98.0,199.0,229.0,44.0,34.0
236.0,236.0,236.0,236.0,165.0,236.0,236.0,236.0,236.0
255.0,255.0,248.0,255.0,103.0,255.0,255.0,64.0,122.0
62.0,62.0,62.0,62.0,62.0,62.0,62.0,221.0,62.0
22.0,25.0,33.0,41.0,45.0,27.0,143.0,46.0,29.0
138.0,90.0,130.0,110.0,128.5,92.0,122.0,118.0,118.0
198.0,112.0,201.0,198.0,112.0,201.0,198.0,112.0,201.0
159.0,162.0,155.0,153.0,116.0,138.0,37.0,82.0,136.0
27.0,22.0,13.0,12.0,86.0,2.0,16.0,38.0,82.0
202.0,206.0,160.0,210.0,150.0,71.0,221.0,229.0,231.0
109.0,115.0,90.0,122.0,78.0,92.0,59.0,37.0,62.0
167.0,167.0,167.0,171.0,171.0,171.0,173.0,171.0,173.0
140.0,175.0,122.0,80.0,43.0,49.0,81.0,49.0,57.0
161.0,167.0,155.0,172.0,176.0,166.0,96.0,66.0,181.0
156.0,154.0,152.0,161.0,164.0,144.0,157.0,148.0,141.0
115.0,110.0,88.0,178.0,180.0,178.0,184.0,186.0,182.0
201.0,187.0,182.0,216.0,134.0,174.0,235.0,227.0,217.0
80.0,117.0,219.0,80.0,146.0,143.0,80.0,58.0,115.0
95.0,34.0,83.0,42.0,77.0,87.0,34.0,54.0,56.0
122.0,112.0,123.0,154.0,154.0,156.0,147.0,155.0,156.0
194.0,108.5,76.0,181.0,156.0,76.0,196.0,74.0,54.0
199.0,212.0,217.0,82.0,83.0,144.0,37.0,53.0,168.0
205.0,209.0,211.0,193.0,204.0,209.0,184.0,193.0,205.0
114.0,125.0,112.0,103.0,200.0,103.0,101.0,137.0,105.0
210.0,176.0,182.0,200.0,81.0,53.0,146.0,68.0,47.0
143.0,127.0,88.0,133.0,166.0,78.0,142.0,185.0,100.0
195.0,195.0,187.0,192.0,227.0,208.0,205.0,219.0,206.0
195.0,124.0,195.0,146.0,84.0,191.0,154.0,69.0,172.0
121.0,119.0,113.0,125.0,129.0,128.0,106.0,136.0,140.0
162.0,156.0,158.0,158.0,158.0,158.0,78.0,90.0,72.0
202.0,201.0,206.0,186.0,183.0,187.0,175.0,174.0,174.0
139.0,205.0,148.0,139.0,124.0,141.0,120.0,122.0,132.0
156.0,209.0,71.0,218.0,213.0,116.0,177.0,209.0,73.0
108.0,143.0,100.0,73.0,158.0,161.0,164.0,174.0,210.0
229.0,228.0,232.0,220.0,197.0,233.0,224.0,220.0,237.0
64.0,70.0,49.0,80.0,108.0,108.0,63.0,120.0,86.0
61.0,80.0,68.0,70.0,104.0,48.0,26.0,29.0,28.0
250.0,234.0,218.0,245.0,167.0,213.0,232.0,175.0,212.0
229.0,202.0,234.0,204.0,114.0,202.0,172.0,174.0,168.0
1.0,255.0,1.0,1.0,255.0,1.0,1.0,255.0,1.0
0.0,0.0,0.0,0.0,180.0,0.0,0.0,0.0,0.0
30.0,180.0,45.0,21.0,159.0,18.0,15.0,60.0,8.0
218.0,166.0,213.0,208.0,157.0,202.0,166.0,132.0,196.0
183.0,98.0,146.0,175.0,154.0,96.0,142.0,74.0,77.0
215.0,174.0,217.0,189.0,125.0,218.0,187.0,205.0,191.0
255.0,181.0,242.0,203.0,158.0,128.0,255.0,93.0,102.0
142.0,94.0,165.0,136.0,141.0,157.0,138.0,138.0,133.0
72.0,74.0,72.0,86.0,202.0,86.0,123.0,124.0,117.0
211.0,213.0,214.0,204.0,207.0,208.0,176.0,156.0,184.0
60.0,63.0,61.0,55.0,106.0,84.0,76.0,165.0,119.0
26.0,2.0,7.0,21.0,13.0,16.0,22.0,20.0,19.0
117.0,166.0,122.0,110.0,97.0,115.0,78.0,70.0,74.0
243.0,241.0,244.0,240.0,233.0,236.0,229.0,224.0,230.0
0.0,0.0,0.0,44.0,48.0,0.0,0.0,0.0,0.0
154.0,154.0,148.0,142.0,117.0,134.0,126.0,118.0,127.0
255.0,238.0,255.0,251.0,96.0,252.0,255.0,85.0,255.0
179.0,173.0,139.0,180.0,178.0,80.0,128.0,110.0,59.0
219.0,198.0,217.0,176.0,150.0,113.0,143.0,153.0,149.0
132.0,132.0,132.0,84.0,131.0,132.0,70.0,132.0,76.0
101.0,101.0,101.0,99.0,126.0,102.0,94.0,94.0,93.0
184.0,169.0,174.0,183.0,166.0,243.0,200.0,145.0,247.0
22.0,96.0,136.0,18.0,117.0,94.0,58.0,151.0,169.0
152.0,121.0,156.0,153.0,142.0,57.0,159.0,177.0,169.0
108.0,66.0,157.0,106.0,83.0,96.0,150.0,70.0,124.0
20.0,61.0,44.0,11.0,45.0,45.0,39.0,48.0,38.0
232.0,230.0,230.0,226.0,172.0,221.0,168.0,186.0,196.0
218.0,220.0,217.0,139.0,150.0,115.0,136.0,152.0,160.0
242.0,181.0,148.0,155.0,140.0,146.0,226.0,130.0,131.0
87.0,134.0,172.0,106.0,122.0,185.0,89.0,81.0,69.0
199.0,192.0,199.0,199.0,119.0,199.0,199.0,124.0,199.0
230.0,105.0,229.0,119.0,100.0,197.0,72.0,82.0,96.0
140.0,34.0,68.0,64.0,29.0,63.0,16.0,18.0,31.0
200.0,201.0,205.0,199.0,145.0,194.0,189.0,195.0,179.0
166.0,165.0,168.0,157.0,203.0,198.0,213.0,211.0,209.0
179.0,103.0,236.0,76.0,61.0,146.0,64.0,61.0,64.0
0.0,226.0,133.0,87.0,116.0,0.0,104.0,102.0,0.0
109.0,89.0,73.0,90.0,52.0,45.0,141.0,59.0,38.0
133.0,235.0,187.0,180.0,217.0,92.0,191.0,234.0,100.0
171.0,131.0,140.0,127.0,123.0,48.0,117.0,138.0,101.0
255.0,254.0,255.0,255.0,201.0,255.0,255.0,172.0,255.0
177.0,154.0,195.0,193.0,168.0,148.0,165.0,161.0,108.0
229.0,229.0,229.0,229.0,199.0,229.0,229.0,229.0,229.0
171.0,173.0,171.0,171.0,174.0,171.0,171.0,181.0,171.0
74.0,47.0,32.0,66.0,53.0,32.0,56.0,42.0,33.0
100.0,144.0,132.0,68.0,41.0,53.0,61.0,10.0,7.0
66.0,64.0,64.0,96.0,92.0,86.0,98.0,134.0,163.0
239.0,213.0,228.0,238.0,233.0,236.0,243.0,243.0,248.0
205.0,168.0,212.0,141.0,137.0,138.0,110.0,108.0,136.0
244.0,244.0,247.0,234.0,221.0,239.0,251.0,243.0,249.0
172.0,171.0,172.0,173.0,173.0,172.0,173.0,170.0,172.0
124.0,69.0,103.0,120.0,126.0,93.0,70.0,68.0,84.0
0.0,1.0,2.0,0.0,5.0,2.0,1.0,2.0,2.0
125.0,128.0,118.0,169.0,176.0,178.0,206.0,205.0,181.0
132.0,141.0,121.0,120.0,171.0,147.0,130.0,51.0,85.0
255.0,254.0,255.0,255.0,254.0,255.0,255.0,255.0,255.0
0.0,0.0,0.0,0.0,72.0,0.0,0.0,104.0,114.0
211.0,211.0,210.0,208.0,214.0,210.0,195.0,199.0,193.0
181.0,174.0,179.0,148.0,166.0,159.0,139.0,141.0,108.0
176.0,204.0,227.0,171.0,91.0,184.0,138.0,78.0,160.0
155.0,113.0,142.0,183.0,79.0,164.0,156.0,104.0,108.0
219.0,223.0,223.0,128.0,111.0,205.0,223.0,226.0,226.0
222.0,215.0,232.0,212.0,76.0,204.0,180.0,49.0,190.0
154.0,129.0,142.0,70.0,60.0,61.0,85.0,72.0,81.0
219.0,197.0,211.0,222.0,108.0,219.0,81.0,70.0,69.0
186.0,202.0,210.0,134.0,136.0,171.0,146.0,137.0,143.0
187.0,215.0,206.0,188.0,212.0,215.0,174.0,212.0,214.0
194.0,170.0,231.0,212.0,156.0,218.0,232.0,169.0,226.0
31.0,102.0,136.0,27.0,113.0,187.0,24.0,120.0,128.0
79.0,68.0,72.0,93.0,45.0,30.0,88.0,54.0,18.0
235.0,237.0,233.0,231.0,207.0,170.0,231.0,232.0,226.0
118.0,119.0,124.0,123.0,117.0,117.0,102.0,96.0,110.0
195.0,211.0,212.0,205.0,206.0,219.0,182.0,217.0,218.0
224.0,225.0,225.0,225.0,163.0,224.0,223.0,226.0,224.0
158.0,88.0,93.0,138.0,70.0,143.0,158.0,171.0,137.0
58.0,100.0,147.0,66.0,98.0,160.0,177.0,167.0,142.0
255.0,255.0,255.0,108.0,84.0,143.0,255.0,255.0,255.0
205.0,206.0,207.0,163.0,135.0,184.0,139.0,156.0,165.0
98.0,97.0,104.0,153.0,133.0,167.0,7.0,7.0,25.0
255.0,255.0,255.0,255.0,179.0,255.0,255.0,255.0,255.0
140.0,135.0,142.0,223.0,212.0,161.0,194.0,194.0,155.0
255.0,255.0,255.0,180.0,114.0,94.0,255.0,255.0,255.0
90.0,98.0,90.0,77.0,138.0,79.0,78.0,117.0,68.0
84.0,105.0,109.0,83.0,114.0,109.0,80.0,96.0,90.0
1.0,232.0,1.0,1.0,231.0,1.0,1.0,177.0,1.0
111.0,115.0,127.0,136.0,116.0,127.0,64.0,60.0,109.0
1.0,1.0,1.0,1.0,1.0,1.0,1.0,1.0,1.0
179.0,179.0,74.0,179.0,78.0,98.0,43.0,44.0,36.0
215.0,209.0,224.0,218.0,209.0,225.0,216.0,214.0,221.0
58.0,58.0,41.0,61.0,70.0,46.0,33.0,40.0,30.0
204.0,204.0,198.0,218.0,225.0,224.0,192.0,223.0,173.0
220.0,221.0,214.0,217.0,217.0,223.0,125.0,140.0,143.0
79.0,75.0,48.0,74.0,88.0,64.0,67.0,63.0,58.0
172.0,171.0,168.0,245.0,219.0,197.0,200.0,192.0,184.0
136.0,151.0,181.0,79.0,90.0,129.0,90.0,88.0,118.0
219.0,224.0,230.0,214.0,215.0,216.0,105.0,96.0,96.0
230.0,230.0,230.0,106.0,80.0,130.0,224.0,223.0,224.0
209.0,213.0,234.0,146.0,184.0,178.0,120.0,121.0,151.0
126.0,126.0,126.0,126.0,126.0,126.0,126.0,126.0,126.0
212.0,204.0,183.0,171.0,167.0,103.0,75.0,92.0,104.0
246.0,127.0,246.0,238.0,114.0,253.0,209.0,128.0,193.0
233.0,220.0,224.0,236.0,103.0,234.0,235.0,214.0,232.0
215.0,208.0,188.0,172.0,203.0,81.0,225.0,240.0,239.0
2.0,2.0,2.0,2.0,5.0,2.0,2.0,2.0,2.0
59.0,69.0,44.0,110.0,137.0,40.0,30.0,24.0,48.0
203.0,202.0,204.0,68.0,86.0,74.0,192.0,192.0,193.0
239.0,239.0,239.0,215.0,163.0,229.0,239.0,239.0,239.0
32.0,31.0,35.0,34.0,34.0,32.0,32.0,32.0,33.0
252.0,231.0,252.0,254.0,139.0,254.0,252.0,145.0,150.0
121.0,160.0,170.0,118.0,146.0,123.0,100.0,112.0,58.0
64.0,89.0,142.0,55.0,78.0,139.0,44.0,134.0,135.0
124.0,153.0,184.0,128.0,111.0,167.0,117.0,124.0,157.0
144.0,99.0,147.0,99.0,73.0,114.0,146.0,90.0,104.0
37.0,41.0,22.0,72.0,90.0,16.0,100.0,61.0,8.0
52.0,47.0,45.0,119.0,95.0,51.0,38.0,30.0,100.0
25.0,25.0,25.0,187.0,25.0,135.0,25.0,25.0,25.0
239.0,244.0,250.0,238.0,240.0,247.0,238.0,241.0,246.0
243.0,241.0,244.0,239.0,220.0,240.0,237.0,237.0,239.0
175.0,144.0,186.0,195.0,138.0,135.0,130.0,206.0,201.0
214.0,197.0,195.0,183.0,147.0,157.0,169.0,181.0,190.0
186.0,187.0,175.0,196.0,193.0,182.0,185.0,179.0,168.0
138.0,133.0,131.0,189.0,209.0,198.0,216.0,215.0,184.0
239.0,239.0,239.0,236.0,237.0,237.0,237.0,238.0,239.0
117.0,121.0,123.0,117.0,120.0,123.0,119.0,121.0,124.0
53.0,76.0,53.0,61.0,75.0,62.0,59.0,70.0,59.0
233.0,237.0,227.0,142.0,219.0,217.0,124.0,131.0,188.0
160.0,163.0,163.0,156.0,141.0,157.0,148.0,145.0,151.0
202.0,202.0,197.0,199.0,154.0,128.0,195.0,169.0,120.0
106.0,111.0,88.0,111.0,108.0,96.0,170.0,194.0,182.0
79.0,95.0,20.0,66.0,119.0,21.0,19.0,72.0,18.0
124.0,136.0,124.0,136.0,195.0,133.0,124.0,133.0,124.0
138.0,123.0,155.0,104.0,123.0,170.0,107.0,101.0,163.0
135.0,165.0,124.0,108.0,110.0,158.0,84.0,92.0,112.0
92.0,143.0,144.0,96.0,169.0,78.0,64.0,78.0,121.0
114.0,30.0,107.0,16.0,36.0,16.0,9.0,59.0,44.0
203.0,203.0,203.0,67.5,76.0,76.0,204.0,203.0,202.0
97.0,105.0,106.0,132.0,134.0,132.0,211.0,68.0,50.0
138.0,138.0,138.0,139.0,139.0,138.0,120.0,135.0,137.0
224.0,218.0,226.0,228.0,221.0,237.0,174.0,184.0,220.0
98.0,93.0,96.0,45.0,66.0,32.0,23.0,18.0,13.0
116.0,112.0,128.0,73.0,80.0,133.0,124.0,93.0,137.0
0.0,0.0,0.0,0.0,0.0,0.0,0.0,0.0,0.0
173.0,179.0,201.0,167.0,52.0,189.0,202.0,182.0,212.0
152.0,172.0,152.0,152.0,182.0,152.0,152.0,171.0,152.0
198.0,193.0,191.0,196.0,130.0,192.0,183.0,80.0,184.0
0.0,145.0,0.0,0.0,166.0,0.0,0.0,80.0,0.0
242.0,243.0,244.0,240.0,179.0,246.0,244.0,217.0,248.0
42.0,216.0,90.0,60.0,98.0,74.0,114.0,122.0,119.0
128.0,128.0,129.0,128.0,130.0,133.0,134.0,140.0,147.0
158.0,170.0,179.0,158.0,149.0,168.0,174.0,173.0,140.0
157.0,158.0,157.0,158.0,234.0,157.0,158.0,162.0,157.0
193.0,160.0,194.0,195.0,71.0,78.0,184.0,70.0,102.0
112.0,230.0,47.0,62.0,182.0,40.0,68.0,162.0,34.0
109.0,109.0,109.0,110.0,110.0,110.0,126.0,127.0,130.0
244.0,243.0,244.0,243.0,223.0,244.0,244.0,244.0,246.0
148.0,165.0,167.0,90.0,89.0,88.0,96.0,99.0,98.0
255.0,255.0,255.0,238.0,238.0,238.0,255.0,255.0,255.0
145.0,149.0,151.0,133.0,140.0,140.0,126.0,132.0,135.0
227.0,172.0,223.0,224.0,132.0,225.0,211.0,76.0,214.0
171.0,172.0,166.0,154.0,158.0,159.0,140.0,27.0,146.0
111.0,38.0,104.0,33.0,144.0,66.0,45.0,146.0,182.0
255.0,239.0,255.0,250.0,121.0,254.0,255.0,238.0,255.0
85.0,80.0,92.0,29.0,29.0,82.0,31.0,40.0,112.0
149.0,143.0,141.0,186.0,218.0,200.0,215.0,214.0,183.0
37.0,16.0,46.0,34.0,70.0,36.0,21.0,22.0,18.0
128.0,149.0,165.0,130.0,142.0,154.0,125.0,130.0,146.0
228.0,208.0,217.0,212.0,209.0,215.0,147.0,170.0,176.0
117.0,96.0,113.0,141.0,137.0,78.0,99.0,191.0,110.0
44.0,38.0,23.0,64.0,40.0,31.0,40.0,36.0,23.0
219.0,216.0,218.0,178.0,168.0,59.0,183.0,181.0,3.0
104.0,106.0,104.0,74.0,146.0,164.0,89.0,92.0,149.0
255.0,255.0,255.0,179.0,189.0,92.0,255.0,255.0,255.0
168.0,166.0,161.0,153.0,172.0,132.0,148.0,134.0,62.0
144.0,144.0,148.0,114.0,128.0,104.0,55.0,60.0,47.0
56.0,43.0,47.0,56.0,46.0,47.0,55.0,42.0,47.0
190.0,194.0,192.0,189.0,188.0,192.0,158.0,153.0,165.0
62.0,140.0,187.0,53.0,133.0,176.0,86.0,136.0,189.0
255.0,255.0,255.0,149.0,139.0,129.0,255.0,255.0,255.0
225.0,226.0,234.0,233.0,129.0,129.0,236.0,101.0,74.0
255.0,225.0,255.0,252.0,220.0,253.0,255.0,225.0,255.0
255.0,255.0,255.0,238.0,238.0,238.0,255.0,255.0,255.0
110.0,110.0,110.0,110.0,110.0,110.0,128.0,126.0,122.0
60.0,63.0,61.0,56.0,106.0,83.0,76.0,165.0,120.0
220.0,223.0,226.0,202.0,16.0,216.0,192.0,191.0,203.0
107.0,88.0,162.0,172.0,149.0,169.0,166.0,160.0,164.0
177.0,136.0,204.0,139.0,120.0,174.0,100.0,85.0,100.0
26.0,26.0,26.0,26.0,26.0,26.0,26.0,26.0,26.0
1.0,2.0,1.0,87.0,129.0,192.0,1.0,2.0,1.0
203.0,204.0,195.0,181.0,69.0,180.0,109.0,111.0,130.0
136.0,150.0,150.0,127.0,128.0,143.0,56.0,63.0,74.0
239.0,239.0,239.0,237.0,237.0,238.0,237.0,238.0,239.0
124.0,164.0,205.0,94.0,187.0,222.0,80.0,156.0,193.0
58.0,111.0,88.0,80.0,120.0,141.0,82.0,110.0,70.0
207.0,168.0,128.0,139.0,62.0,62.0,70.0,53.0,40.0
160.0,181.0,196.0,118.0,141.0,192.0,139.0,158.0,202.0
46.0,15.0,13.0,50.0,209.0,24.0,20.0,233.0,38.0
207.0,138.0,159.0,197.0,110.0,167.0,175.0,27.0,59.0
19.0,21.0,24.0,20.0,25.0,30.0,18.0,20.0,22.0
95.0,130.0,93.0,100.0,137.0,117.0,81.0,116.0,92.0
143.0,146.0,90.0,158.0,176.0,162.0,143.0,155.0,148.0
159.0,159.0,159.0,159.0,159.0,159.0,159.0,159.0,159.0
178.0,178.0,177.0,170.0,187.0,183.0,178.0,181.0,183.0
163.0,135.0,186.0,125.0,79.0,139.0,92.0,43.0,72.0
255.0,255.0,255.0,255.0,255.0,255.0,255.0,255.0,255.0
154.0,160.0,90.0,108.0,113.0,94.0,60.0,96.0,137.0
167.0,175.0,167.0,172.0,148.0,183.0,176.0,181.0,184.0
31.0,36.0,24.0,35.0,33.0,20.0,89.0,85.0,68.0
140.0,149.0,127.0,115.0,55.0,67.0,31.0,42.0,42.0
243.0,235.0,242.0,228.0,234.0,237.0,229.0,230.0,243.0
239.0,238.0,241.0,232.0,234.0,233.0,230.0,227.0,229.0
156.0,196.0,145.0,113.0,119.0,101.0,22.0,23.0,22.0
82.0,153.0,78.0,119.0,149.0,112.0,53.0,7.0,106.0
199.0,164.0,63.0,200.0,146.0,56.0,194.0,165.0,47.0
197.0,191.0,197.0,196.0,29.0,194.0,191.0,182.0,190.0
237.0,237.0,236.0,236.0,236.0,234.0,237.0,236.0,236.0
233.0,216.0,224.0,215.0,162.0,76.0,191.0,169.0,103.0
85.0,85.0,84.0,124.0,126.0,125.0,88.0,90.0,87.0
72.0,89.0,94.0,206.0,123.0,122.0,132.0,121.0,132.0
242.0,242.0,242.0,242.0,230.0,242.0,242.0,242.0,242.0
255.0,255.0,255.0,255.0,255.0,255.0,255.0,253.0,255.0
229.0,212.0,218.0,111.0,206.0,207.0,92.0,141.0,122.0
137.0,96.0,94.0,124.0,113.0,94.0,124.0,130.0,80.0
88.0,74.0,72.0,90.0,186.0,114.0,74.0,82.0,102.0
118.0,124.0,134.0,119.0,130.0,130.0,126.0,128.0,126.0
202.0,201.0,215.0,182.0,180.0,195.0,167.0,165.0,158.0
165.0,121.0,165.0,167.0,76.0,165.0,170.0,166.0,167.0
255.0,255.0,255.0,186.0,125.0,171.0,255.0,255.0,255.0
36.0,49.0,36.0,49.0,61.0,50.0,113.0,127.0,132.0
140.0,139.0,149.0,153.0,131.0,141.0,178.0,131.0,156.0
172.0,168.0,166.0,182.0,161.0,174.0,177.0,146.0,188.0
108.0,130.0,31.0,95.0,104.0,116.0,60.0,72.0,72.0
229.0,207.0,213.0,215.0,124.0,137.0,179.0,165.0,169.0
133.0,155.0,143.0,91.0,136.0,148.0,48.0,48.0,48.0
200.0,192.0,121.0,169.0,150.0,68.0,90.0,47.0,23.0
143.0,149.0,96.0,105.0,88.0,100.0,96.0,86.0,90.0
243.0,220.0,228.0,228.0,216.0,184.0,238.0,222.0,207.0
255.0,219.0,255.0,243.0,188.0,249.5,255.0,160.0,255.0
171.0,172.0,172.0,174.0,174.0,175.0,208.0,206.0,209.0
61.0,168.0,113.0,59.0,168.0,149.0,183.5,151.0,194.0
148.0,166.5,147.0,147.0,146.0,159.0,155.0,146.0,129.0
233.0,156.0,229.0,191.0,144.0,136.0,181.0,147.0,126.0
241.0,241.0,241.0,241.0,158.0,241.0,241.0,241.0,241.0
10.0,16.0,44.0,8.0,17.0,10.0,6.0,7.0,7.0
162.0,169.0,144.0,218.0,211.0,209.0,16.0,16.0,20.0
96.0,89.0,97.0,113.0,104.0,100.0,120.0,107.0,101.0
45.0,168.0,55.0,51.0,130.0,61.0,19.0,26.0,22.0
140.0,142.0,143.0,138.0,222.0,228.0,60.0,59.0,94.0
102.0,147.0,176.0,189.0,181.0,179.0,197.0,176.0,171.0
220.0,225.0,211.0,222.0,246.0,210.0,156.0,238.0,138.0
112.0,144.0,94.0,101.0,114.0,61.0,96.0,107.0,63.0
23.0,28.0,24.0,18.0,42.0,23.0,15.0,15.0,8.0
220.0,52.0,224.0,220.0,6.0,223.0,220.0,134.0,221.0
219.0,225.0,231.0,226.0,228.0,225.0,212.0,229.0,223.0
203.0,204.0,203.0,84.0,68.0,68.0,199.0,197.0,194.0
137.0,117.0,175.0,76.0,101.0,168.0,66.0,38.0,118.0
100.0,157.0,86.0,106.0,164.0,96.0,168.0,172.0,164.0
164.0,170.0,171.0,182.0,187.0,193.0,63.0,72.0,80.0
210.0,207.0,216.0,202.0,156.0,126.0,182.0,129.0,102.0
255.0,255.0,255.0,255.0,255.0,255.0,255.0,255.0,255.0
252.0,195.0,252.0,252.0,252.0,252.0,252.0,252.0,252.0
150.0,133.0,139.0,48.0,32.0,141.0,34.0,26.0,21.0
118.0,118.0,118.0,118.0,118.0,118.0,138.0,136.0,138.0
36.0,74.0,101.0,79.0,94.0,158.0,22.0,11.0,3.0
144.0,148.0,148.0,139.0,144.0,142.0,129.0,137.0,133.0
203.0,188.0,224.0,137.0,140.0,122.0,251.0,251.0,177.0
232.0,226.0,226.0,214.0,229.0,186.0,231.0,233.0,231.0
215.0,216.0,231.0,198.0,199.0,232.0,182.0,182.0,206.0
155.0,154.0,159.0,204.0,207.0,206.0,118.0,154.0,154.0
47.0,70.0,204.0,31.0,56.0,52.0,16.0,23.0,16.0
39.0,87.0,27.0,50.0,81.0,60.0,14.0,16.0,26.0
200.0,200.0,193.0,116.0,119.0,105.0,94.0,93.0,84.0
44.0,42.0,31.0,47.0,96.0,31.0,28.0,32.0,22.0
233.0,179.0,221.0,108.0,69.0,67.0,186.0,226.0,76.0
254.0,254.0,254.0,254.0,205.0,254.0,254.0,208.0,254.0
207.0,205.0,205.0,209.0,206.0,205.0,222.0,214.0,222.0
124.0,116.0,91.0,122.0,105.0,112.0,109.0,92.0,101.0
80.0,52.0,49.0,75.0,88.0,40.0,58.0,38.0,24.0
0.0,162.0,0.0,184.0,194.0,183.0,0.0,152.0,0.0
160.0,163.0,160.0,137.0,174.0,147.0,123.0,128.0,147.0
59.0,55.0,52.0,34.0,97.0,84.0,122.0,143.0,128.0
220.0,216.0,222.0,217.0,212.0,221.0,216.0,216.0,218.0
158.0,161.0,156.0,164.0,170.0,162.0,163.0,180.0,171.0
57.0,116.0,158.0,175.0,174.0,180.0,168.0,113.0,167.0
255.0,255.0,255.0,255.0,148.0,255.0,255.0,255.0,255.0
143.0,162.0,173.0,139.0,161.0,168.0,126.0,120.0,150.0
203.0,176.0,192.0,182.0,102.0,189.0,251.0,75.0,251.0
104.0,104.0,104.0,104.0,104.0,104.0,104.0,104.0,104.0
100.0,127.0,97.0,121.0,111.0,198.0,116.0,172.0,200.0
207.0,204.0,196.0,56.0,168.0,195.0,127.0,129.0,150.0
84.0,88.0,93.0,98.0,105.0,116.0,128.0,136.0,150.0
51.0,78.0,52.0,49.0,99.0,75.0,43.0,42.0,57.0
220.0,230.0,230.0,179.0,195.0,200.0,74.0,117.0,167.0
128.0,133.0,136.0,109.0,181.0,186.0,152.0,197.0,195.0
122.0,114.0,90.0,132.0,92.0,108.0,137.0,126.0,184.0
241.0,239.0,233.0,230.0,193.0,221.0,227.0,216.0,212.0
210.0,217.0,198.0,204.0,171.0,195.0,216.0,177.0,209.0
41.0,47.0,47.0,60.0,58.0,59.0,82.0,94.0,78.0
168.0,98.0,139.0,153.0,72.0,131.0,168.0,84.0,203.0
173.0,178.0,178.0,149.0,122.0,172.0,120.0,121.0,145.0
190.0,213.0,223.0,194.0,128.0,227.0,68.0,58.0,86.0
4.0,4.0,4.0,4.0,4.0,4.0,4.0,4.0,4.0
71.0,49.0,70.0,74.0,60.0,69.0,75.0,61.0,74.0
114.0,118.0,121.0,138.0,112.0,122.0,112.0,27.0,30.0
186.0,200.0,170.0,171.0,209.0,155.0,160.0,180.0,139.0
255.0,72.0,255.0,204.0,82.0,222.0,255.0,74.0,255.0
55.0,56.0,55.0,56.0,57.0,56.0,55.0,55.0,55.0
68.0,177.0,112.0,39.0,206.0,98.0,131.0,168.0,113.0
156.0,111.0,183.0,76.0,75.0,121.0,78.0,80.0,98.0
184.0,131.0,187.0,186.0,146.0,188.0,191.0,98.0,174.0
234.0,234.0,234.0,234.0,254.0,234.0,234.0,234.0,234.0
204.0,188.0,229.0,109.0,111.0,230.0,133.0,88.0,141.0
153.0,171.0,148.0,156.0,152.0,142.0,199.0,158.0,190.0
49.0,43.0,34.0,46.0,66.0,44.0,37.0,108.0,44.0
84.0,83.0,83.0,68.0,76.0,84.0,82.0,96.0,112.0
162.0,189.0,163.0,188.0,179.0,179.0,169.0,193.0,195.0
66.0,42.0,36.0,54.0,61.0,40.0,37.0,48.0,37.0
172.0,170.0,172.0,168.0,154.0,169.0,162.0,168.0,170.0
189.0,198.0,201.0,201.0,118.0,203.0,230.0,222.0,226.0
229.0,225.0,195.0,166.0,175.0,202.0,128.0,120.0,132.0
255.0,59.0,255.0,255.0,119.0,255.0,255.0,144.0,255.0
236.0,204.0,236.0,221.0,128.0,206.0,236.0,164.0,236.0
213.0,202.0,210.0,166.0,193.0,210.0,44.0,203.0,216.0
89.0,106.0,120.0,74.0,87.0,110.0,48.0,52.0,88.0
110.0,177.0,180.0,57.0,66.0,74.0,50.0,98.0,46.0
118.0,126.0,98.0,156.0,130.0,130.0,151.0,219.0,222.0
250.0,68.0,119.0,140.0,156.0,156.0,251.0,148.0,251.0
179.0,190.0,169.0,199.0,198.0,208.0,178.0,184.0,199.0
86.0,132.5,153.0,92.0,142.0,175.0,113.0,131.0,154.0
204.0,204.0,204.0,4.0,18.0,5.0,204.0,4.0,204.0
239.0,232.0,235.0,224.0,148.0,197.0,216.0,172.0,233.0
213.0,210.0,82.0,168.0,206.0,72.0,130.0,207.0,88.0
225.0,246.0,252.0,159.0,143.0,183.0,170.0,181.0,197.0
230.0,220.0,197.0,214.0,74.0,183.0,165.0,135.0,131.0
145.0,199.0,220.0,42.0,41.0,110.0,252.0,252.0,253.0
251.0,227.0,249.0,242.0,226.0,232.0,246.0,228.0,239.0
174.0,191.0,176.0,160.0,163.0,145.0,49.0,42.0,32.0
185.0,144.0,152.0,200.0,165.0,166.0,169.0,132.0,138.0
106.0,66.0,122.0,132.0,68.0,76.0,40.0,158.0,49.0
142.0,149.0,146.0,144.0,150.0,147.0,139.0,148.0,145.0
71.0,68.0,64.0,40.0,117.0,92.0,141.0,163.0,147.0
158.0,207.0,180.0,150.0,212.0,167.0,163.0,193.0,191.0
204.0,204.0,187.0,231.0,217.0,239.0,245.0,214.0,174.0
39.0,235.0,169.0,53.0,158.0,173.0,12.0,29.0,107.0
139.0,146.0,129.0,154.0,108.0,146.0,189.0,162.0,192.0
245.0,246.0,241.0,211.0,180.0,219.0,228.0,231.0,235.0
220.0,224.0,222.0,221.0,125.0,221.0,102.0,100.0,127.0
94.0,187.0,108.0,93.0,221.0,83.0,158.0,192.0,146.0
108.0,45.0,45.0,36.0,40.0,52.0,26.0,53.0,51.0
182.0,149.0,186.0,145.0,79.0,135.0,108.0,98.0,96.0
76.0,84.0,90.0,58.0,100.0,57.0,31.0,47.0,42.0
129.0,132.0,132.0,155.0,147.0,146.0,165.0,162.0,154.0
200.0,200.0,201.0,199.0,196.0,200.0,200.0,200.0,200.0
233.0,196.0,207.0,213.0,167.0,201.0,228.0,204.0,229.0
32.0,68.0,47.0,68.0,94.0,41.0,12.0,24.0,16.0
242.0,184.0,228.0,203.0,88.0,201.0,223.0,173.0,198.0
108.0,124.0,115.0,96.0,125.0,100.0,102.0,144.0,101.0
68.0,108.0,159.0,120.0,141.0,185.0,82.0,69.0,60.0
88.0,142.0,88.0,88.0,114.0,88.0,145.0,85.0,88.0
167.0,173.0,171.0,174.0,54.0,180.0,180.0,184.0,181.0
249.0,249.0,249.0,249.0,249.0,249.0,249.0,248.0,249.0
192.0,194.0,226.0,195.0,196.0,220.0,199.0,203.0,219.0
152.0,164.0,54.0,64.0,242.0,70.0,68.0,240.0,74.0
0.0,0.0,0.0,0.0,159.0,0.0,0.0,0.0,0.0
134.0,139.0,138.0,131.0,124.0,126.0,113.0,111.0,108.0
141.0,55.0,229.0,94.0,64.0,80.0,74.0,96.0,44.0
198.0,188.0,177.0,189.0,168.0,162.0,179.0,158.0,145.0
64.0,106.0,46.0,46.0,225.0,46.0,46.0,120.0,46.0
168.0,166.0,154.0,168.0,149.0,144.0,161.0,104.0,102.0
234.0,227.0,234.0,231.0,228.0,230.0,224.0,177.0,224.0
167.0,170.0,59.0,171.0,171.0,123.0,176.0,125.0,215.0
231.0,238.0,230.0,234.0,239.0,231.0,235.0,238.0,231.0
236.0,207.0,243.0,234.0,163.0,239.0,229.0,187.0,236.0
233.0,224.0,235.0,214.0,176.0,187.0,210.0,164.0,177.0
244.0,243.0,244.0,243.0,165.0,193.0,244.0,236.0,239.0
47.0,56.0,104.0,34.0,48.0,86.0,32.0,62.0,43.0
191.0,195.0,204.0,102.0,90.0,153.0,92.0,74.0,163.0
163.0,169.0,148.0,129.0,151.0,155.0,144.0,92.0,114.0
178.0,178.0,178.0,178.0,175.0,178.0,178.0,178.0,178.0
72.0,72.0,72.0,72.0,238.0,70.0,70.0,53.0,64.0
238.0,233.0,231.0,233.0,229.0,230.0,233.0,231.0,230.0
224.0,219.0,212.0,202.0,123.0,188.0,175.0,139.0,154.0
255.0,255.0,255.0,160.0,164.0,173.0,255.0,255.0,255.0
49.0,48.0,16.0,49.0,46.0,16.0,34.0,33.0,14.0
255.0,255.0,255.0,238.0,238.0,238.0,255.0,255.0,255.0
71.0,70.0,126.0,104.0,180.0,116.0,115.0,117.0,115.0
130.0,116.0,32.0,38.0,22.0,22.0,31.0,20.0,22.0
94.0,120.0,123.0,96.0,126.0,161.0,179.0,160.0,131.0
111.0,116.0,114.0,86.0,92.0,85.0,46.0,48.0,42.0
176.0,124.0,153.0,156.0,73.0,134.0,133.0,117.0,117.0
0.0,0.0,0.0,0.0,0.0,0.0,0.0,0.0,0.0
98.0,211.0,107.0,112.0,217.0,113.0,94.0,208.0,105.0
46.0,28.0,53.0,88.0,48.0,46.0,107.0,171.0,152.0
243.0,243.0,247.0,244.0,244.0,246.0,246.0,246.0,247.0
104.0,120.0,107.0,79.0,101.0,83.0,95.0,100.0,90.0
230.0,214.0,212.0,223.0,98.0,207.0,220.0,110.0,197.0
178.0,163.0,84.0,197.0,186.0,174.0,121.0,106.0,92.0
104.0,123.0,99.0,139.5,215.0,111.0,101.0,131.0,88.0
206.0,202.0,191.0,198.0,199.0,186.0,197.0,196.0,196.0
120.0,123.0,105.0,223.0,213.0,165.0,218.0,228.0,208.0
210.0,204.0,176.0,98.0,152.0,129.0,91.0,96.0,87.0
132.0,100.0,82.0,112.0,108.0,133.0,60.0,88.0,123.0
0.0,0.0,0.0,0.0,0.0,0.0,0.0,0.0,0.0
230.0,229.0,225.0,164.0,156.0,150.0,159.0,151.0,144.0
99.0,81.0,81.0,81.0,61.0,81.0,81.0,81.0,81.0
110.0,84.0,76.0,54.0,75.0,72.0,57.0,77.0,66.0
199.0,197.0,199.0,192.0,187.0,190.0,181.0,180.0,183.0
228.0,238.0,243.0,227.0,235.0,238.0,218.0,227.0,227.0
255.0,255.0,255.0,255.0,179.0,255.0,255.0,255.0,255.0
116.0,124.0,88.0,112.0,123.0,70.0,94.0,104.0,76.0
129.0,98.0,85.0,118.0,155.0,153.0,39.0,47.0,24.0
194.0,79.0,141.0,132.0,108.0,140.0,122.0,108.0,96.0
190.0,194.0,190.0,190.0,218.0,190.0,190.0,187.0,190.0
218.0,219.0,200.0,177.0,171.0,169.0,224.0,179.0,168.0
160.0,137.0,213.0,146.0,96.0,211.0,114.0,28.0,220.0
47.0,46.0,43.0,41.0,68.0,38.0,33.0,34.0,28.0
4.0,16.0,10.0,7.0,30.0,19.0,3.0,9.0,8.0
148.0,129.0,120.0,70.0,58.0,66.0,123.0,137.0,141.0
32.0,8.0,12.0,7.0,111.0,15.0,4.0,45.0,4.0
191.0,198.0,197.0,188.0,207.0,200.0,192.0,199.0,199.0
174.0,254.0,169.0,171.0,200.0,177.0,94.0,251.0,122.0
110.0,140.0,94.0,117.0,155.0,104.0,94.0,119.0,90.0
136.0,136.0,122.0,129.0,114.0,113.0,62.0,51.0,45.0
184.0,176.0,184.0,146.0,145.0,176.0,152.0,146.0,90.0
0.0,0.0,0.0,0.0,0.0,0.0,0.0,0.0,0.0
188.0,222.0,153.0,228.0,208.0,217.0,228.0,210.0,207.0
68.0,71.0,84.0,32.0,36.0,100.0,29.0,31.0,27.0
163.0,221.0,163.0,163.0,158.0,163.0,163.0,105.0,163.0
128.0,123.0,127.0,129.0,150.0,147.0,157.0,119.0,130.0
253.0,250.0,254.0,150.0,160.0,153.0,128.0,126.0,125.0
215.0,89.0,226.0,214.0,42.0,215.0,156.0,145.0,154.0
33.0,46.0,49.0,50.0,54.0,57.0,36.0,44.0,51.0
126.0,125.0,125.0,126.0,110.0,125.0,126.0,126.0,126.0
180.0,76.0,120.0,70.0,65.0,52.0,49.0,46.0,49.0
161.0,140.0,181.0,167.0,124.0,141.0,205.0,196.0,194.0
210.0,210.0,213.0,82.0,124.0,124.0,86.0,108.0,85.0
98.0,88.0,133.0,92.0,87.0,112.0,122.0,150.0,117.0
114.0,127.0,207.0,89.0,78.0,129.0,103.0,71.0,132.0
109.0,107.0,106.0,123.0,121.0,120.0,139.0,137.0,136.0
241.0,243.0,242.0,199.0,94.0,200.0,246.0,247.0,247.0
47.0,47.0,44.0,45.0,47.0,47.0,42.0,44.0,24.5
127.0,127.0,127.0,127.0,205.0,127.0,127.0,127.0,127.0
166.0,164.0,168.0,162.0,163.0,179.0,155.0,153.0,155.0
255.0,255.0,255.0,255.0,255.0,255.0,255.0,255.0,255.0
108.0,110.0,114.0,110.0,148.0,146.0,227.0,224.0,209.0
223.0,221.0,222.0,223.0,80.0,223.0,223.0,82.0,223.0
31.0,62.0,23.0,50.0,75.0,68.0,104.0,134.0,252.0
1.0,25.0,1.0,1.0,165.0,1.0,1.0,4.0,1.0
245.0,135.0,251.0,181.0,126.0,242.0,232.0,172.0,246.0
245.0,236.0,218.0,245.0,234.0,224.0,239.0,227.0,218.0
199.0,215.0,174.0,164.0,234.0,159.0,184.0,222.0,132.0
105.0,105.0,105.0,105.0,105.0,105.0,105.0,105.0,105.0
202.0,130.0,128.0,177.0,170.0,163.0,216.0,187.0,118.0
225.0,225.0,225.0,225.0,208.0,225.0,225.0,225.0,225.0
126.0,126.0,126.0,126.0,126.0,126.0,124.0,124.0,128.0
241.0,239.0,240.0,240.0,203.0,240.0,242.0,239.0,240.0
99.0,102.0,108.0,106.0,114.0,110.0,118.0,135.0,127.0
178.0,191.0,202.0,178.0,207.0,214.0,151.0,173.0,208.0
166.0,166.0,166.0,166.0,140.0,166.0,166.0,97.0,100.0
185.0,216.0,205.0,240.0,244.0,235.0,230.0,228.0,235.0
127.0,129.0,132.0,163.0,181.0,181.0,198.0,212.0,184.0
215.0,143.0,219.0,169.0,151.0,220.0,40.0,154.0,94.0
162.0,222.0,187.0,189.0,222.0,83.0,121.0,206.0,155.0
94.0,97.0,96.0,99.0,100.0,99.0,94.0,76.0,98.0
241.0,241.0,241.0,239.0,160.0,231.0,240.0,233.0,232.0
232.0,201.0,232.0,233.0,116.0,227.0,234.0,95.0,100.0
255.0,255.0,255.0,117.0,119.0,139.0,255.0,255.0,255.0
244.0,245.0,246.0,105.0,161.0,118.0,130.0,220.0,230.0
17.0,18.0,16.0,38.0,23.0,18.0,42.0,55.0,12.0
190.0,193.0,196.0,174.0,176.0,180.0,96.0,32.0,110.0
67.0,96.0,113.0,176.0,166.0,149.0,126.0,166.0,147.0
216.0,216.0,223.0,199.0,162.0,210.0,172.0,225.0,221.0
209.0,213.0,211.0,202.0,217.0,213.0,115.0,107.0,98.0
109.0,125.0,112.0,118.0,98.0,123.0,100.0,101.0,119.0
170.0,179.0,193.0,171.0,192.0,205.0,194.0,201.0,199.0
187.0,187.0,180.0,197.0,184.0,192.0,182.0,184.0,174.0
154.0,182.0,176.0,221.0,222.0,201.0,228.0,231.0,182.0
153.0,153.0,106.0,113.0,109.0,110.0,112.0,121.0,118.0
135.0,89.0,197.0,192.0,158.0,215.0,118.0,92.0,170.0
25.0,32.0,196.0,16.0,106.0,147.0,23.0,52.0,120.0
115.0,184.0,197.0,94.0,78.0,67.0,60.0,62.0,37.0
82.0,144.0,82.0,82.0,200.0,82.0,82.0,191.0,82.0
122.0,100.0,100.0,121.0,144.0,98.0,129.0,108.0,107.0
80.0,78.0,161.0,93.0,60.0,146.0,80.0,58.0,110.0
160.0,153.0,145.0,85.0,62.0,145.0,206.0,155.0,125.0
239.0,239.0,239.0,239.0,239.0,239.0,239.0,239.0,239.0
129.0,92.0,109.0,141.0,76.0,188.0,150.0,124.0,165.0
94.0,97.0,85.0,112.0,128.0,87.0,154.0,94.0,78.0
191.0,191.0,191.0,191.0,191.0,191.0,195.0,191.0,191.0
114.0,48.0,94.0,177.0,163.0,166.0,206.0,208.0,215.0
232.0,232.0,232.0,232.0,213.0,232.0,232.0,232.0,232.0
201.0,202.0,218.0,209.0,210.0,232.0,146.0,166.0,198.0
172.0,176.0,165.0,173.0,173.0,165.0,153.0,157.0,154.0
55.0,36.0,12.0,28.0,43.0,33.0,15.0,18.0,47.0
127.0,78.0,35.0,136.0,135.0,50.0,126.0,86.0,43.0
140.0,163.0,165.0,124.0,153.0,172.0,106.0,169.0,162.0
60.0,96.0,50.0,96.0,160.0,92.0,60.0,80.0,78.0
17.0,22.0,16.0,20.0,123.0,16.0,32.0,48.0,46.0
25.0,25.0,16.0,10.0,19.0,23.0,6.0,2.0,3.0
148.0,142.0,160.0,153.0,82.0,188.0,55.0,88.0,183.0
211.0,189.0,172.0,128.0,182.0,174.0,140.0,157.0,138.0
201.0,199.0,203.0,190.0,192.0,194.0,176.0,180.0,183.0
226.0,212.0,218.0,181.0,171.0,171.0,158.0,187.0,149.0
179.0,54.0,180.0,61.0,126.0,96.0,25.0,96.0,44.0
247.0,211.0,241.0,120.0,142.0,123.0,111.0,135.0,137.0
230.0,235.0,234.0,180.0,180.0,182.0,234.0,238.0,238.0
124.0,126.0,124.0,136.0,128.0,134.0,124.0,134.0,124.0
195.0,195.0,195.0,195.0,195.0,195.0,195.0,195.0,195.0
255.0,255.0,255.0,238.0,238.0,238.0,255.0,255.0,255.0
165.0,185.0,192.0,130.0,132.0,151.0,104.0,111.0,138.0
200.0,175.0,180.0,206.0,145.0,129.0,195.0,130.0,189.0
179.0,45.0,134.0,192.0,66.0,124.0,175.0,168.0,200.0
233.0,200.0,227.0,226.0,122.0,223.0,106.0,110.0,112.0
68.0,1.0,68.0,126.0,94.0,121.0,69.0,1.0,84.0
200.0,148.0,125.0,202.0,120.0,129.0,161.0,151.0,139.0
140.0,142.0,148.0,140.0,85.0,145.0,141.0,135.0,141.0
185.0,185.0,185.0,185.0,178.0,185.0,185.0,185.0,185.0
255.0,227.0,239.0,244.0,238.0,242.0,239.0,247.0,255.0
200.0,202.0,202.0,204.0,168.0,208.0,205.0,208.0,208.0
125.0,120.0,115.0,142.0,96.0,137.0,149.0,126.0,137.0
156.0,176.0,202.0,131.0,80.0,204.0,181.0,154.0,217.0
212.0,209.0,208.0,211.0,207.0,201.0,55.0,64.0,66.0
249.0,248.0,245.0,112.0,110.0,159.0,86.0,136.0,154.0
190.0,213.0,196.0,182.0,186.0,180.0,201.0,189.0,176.0
177.0,178.0,177.0,177.0,210.0,177.0,177.0,141.0,177.0
47.0,1.0,39.0,1.0,1.0,43.0,74.0,57.0,59.0
255.0,255.0,255.0,255.0,37.0,255.0,255.0,255.0,255.0
75.0,95.0,75.0,78.0,110.0,78.0,74.0,78.0,75.0
156.0,155.0,155.0,158.0,158.0,158.0,188.0,185.0,188.0
197.0,153.0,139.0,196.0,191.0,175.0,133.0,104.0,178.0
255.0,83.0,255.0,253.0,164.0,250.0,255.0,78.0,255.0
70.0,81.0,78.0,217.0,213.0,78.0,217.0,194.0,80.0
25.0,29.0,21.0,52.0,32.0,22.0,56.0,125.0,18.0
93.0,120.0,160.0,63.0,83.0,54.0,154.0,88.0,170.0
244.0,233.0,228.0,124.0,118.0,201.0,135.0,151.0,160.0
120.0,201.0,194.0,68.0,128.0,118.0,197.0,105.0,191.0
78.0,167.0,114.0,110.0,107.0,135.0,140.0,175.0,173.0
154.0,154.0,154.0,153.0,155.0,155.0,146.0,154.0,147.0
94.0,82.0,125.0,109.0,88.0,77.0,64.0,40.0,20.0
80.0,78.0,79.0,104.0,96.0,90.0,96.0,93.0,64.0
181.0,137.0,225.0,144.0,197.0,122.0,164.0,167.0,216.0
244.0,249.0,248.0,243.0,72.0,247.0,244.0,191.0,247.0
31.0,36.0,29.0,84.0,96.0,66.0,40.0,53.0,41.0
154.0,150.0,148.0,116.0,129.0,131.0,113.0,112.0,110.0
53.0,53.0,58.0,64.0,53.0,49.0,75.0,114.0,62.0
47.0,45.0,32.0,23.0,12.0,20.0,8.0,61.0,68.0
202.0,197.0,188.0,211.0,94.0,195.0,209.0,61.0,195.0
0.0,20.0,0.0,94.0,126.0,100.0,0.0,14.0,0.0
0.0,70.0,0.0,0.0,84.0,0.0,0.0,124.0,0.0
174.0,195.0,219.0,114.0,141.0,106.0,140.0,126.0,140.0
175.0,183.0,187.0,166.0,166.0,164.0,163.0,168.0,161.0
132.0,175.0,102.0,112.0,211.0,100.0,98.0,102.0,64.0
7.0,10.0,7.0,7.0,80.0,8.0,7.0,7.0,7.0
127.0,139.0,167.0,145.0,148.0,119.0,121.0,111.0,114.0
252.0,229.0,242.0,234.0,230.0,236.0,251.0,231.0,239.0
199.0,227.0,227.0,94.0,227.0,227.0,196.0,227.0,227.0
238.0,238.0,238.0,237.0,197.0,238.0,238.0,238.0,238.0
92.0,84.0,67.0,61.0,113.0,137.0,79.0,78.0,78.0
146.0,182.0,164.0,111.0,166.0,130.0,26.0,58.0,76.0
222.0,163.0,206.0,114.0,124.0,167.0,104.0,129.0,114.0
128.0,131.0,131.0,129.0,134.0,136.0,128.0,128.0,42.0
0.0,0.0,0.0,0.0,0.0,0.0,0.0,0.0,0.0
145.0,148.0,142.0,143.0,142.0,139.0,156.0,141.0,137.0
163.0,162.0,21.0,179.0,216.0,37.0,36.0,58.0,39.0
253.0,196.0,136.0,140.0,46.0,90.0,114.0,64.0,47.0
204.0,207.0,169.0,204.0,209.0,218.0,199.0,137.0,130.0
43.0,43.0,43.0,43.0,43.0,43.0,43.0,43.0,43.0
28.0,34.0,28.0,31.0,57.0,27.0,26.0,51.0,27.0
21.0,28.0,16.0,12.0,25.0,13.0,5.0,11.0,3.0
243.0,196.0,241.0,196.0,195.0,196.0,245.0,98.0,245.0
190.0,203.0,213.0,177.0,179.0,174.0,179.0,180.0,182.0
177.0,153.0,185.0,163.0,143.0,161.0,144.0,140.0,122.0
59.0,56.0,47.0,165.0,78.0,124.0,120.0,123.0,130.0
255.0,255.0,255.0,197.0,198.0,192.0,255.0,255.0,255.0
120.0,124.0,118.0,87.0,69.0,67.0,42.0,40.0,40.0
186.0,177.0,180.0,196.0,200.0,199.0,66.0,68.0,72.0
212.0,209.0,207.0,211.0,205.0,195.0,209.0,200.0,192.0
188.0,203.0,200.0,170.0,78.0,91.0,76.0,71.0,46.0
192.0,180.0,188.0,34.0,43.0,30.0,251.0,42.0,251.0
206.0,68.0,209.0,212.0,53.0,217.0,207.0,68.0,213.0
126.0,128.0,124.0,169.0,188.0,126.0,126.0,178.0,125.0
151.0,126.0,122.0,174.0,103.0,80.0,117.0,78.0,71.0
108.0,108.0,105.0,104.0,155.0,102.0,199.0,162.0,155.0
40.0,40.0,48.0,53.0,98.0,61.0,110.0,146.0,83.0
153.0,138.0,131.0,130.0,111.0,120.0,84.0,81.0,85.0
144.0,104.0,171.0,98.0,86.0,86.0,81.0,120.0,135.0
181.0,202.0,219.0,46.0,118.0,195.0,37.0,57.0,102.0
255.0,255.0,255.0,255.0,125.0,255.0,255.0,255.0,255.0
107.0,143.0,142.0,47.0,107.0,161.0,105.0,91.0,186.0
222.0,222.0,244.0,192.0,209.0,209.0,189.0,192.0,208.0
101.0,104.0,70.0,108.0,172.0,86.0,177.0,117.0,79.0
182.0,173.0,171.0,175.0,166.0,163.0,175.0,164.0,161.0
69.0,70.0,54.0,107.0,47.0,81.0,68.0,58.0,57.0
126.0,74.0,57.0,162.0,144.0,137.0,117.0,113.0,96.0
229.0,229.0,229.0,229.0,229.0,228.0,228.0,228.0,227.0
224.0,137.0,221.0,216.0,98.0,144.0,215.0,131.0,215.0
247.0,247.0,247.0,247.0,247.0,247.0,247.0,247.0,247.0
244.0,225.0,244.0,238.0,172.0,243.0,218.0,160.0,234.0
179.0,181.0,176.0,186.0,196.0,180.0,178.0,180.0,176.0
250.0,231.0,250.0,241.0,232.0,237.0,246.0,232.0,241.0
60.0,68.0,61.0,108.0,94.0,76.0,85.0,84.0,69.0
221.0,241.0,231.0,133.0,136.0,111.0,77.0,83.0,60.0
164.0,181.0,201.0,76.0,66.0,72.0,36.0,68.0,66.0
63.0,56.0,47.0,35.0,45.0,52.0,54.0,104.0,50.0
222.0,222.0,246.0,222.0,190.0,213.0,240.0,239.0,238.0
255.0,216.0,255.0,250.5,215.0,253.0,255.0,230.0,255.0
155.0,157.0,155.0,158.0,160.0,159.0,156.0,156.0,156.0
132.0,132.0,134.0,112.0,110.0,113.0,105.0,103.0,106.0
18.0,18.0,30.0,18.0,24.0,38.0,27.0,25.0,22.0
195.0,190.0,171.0,191.0,88.0,145.0,178.0,196.0,159.0
161.0,174.0,187.0,121.0,119.0,178.0,95.0,90.0,146.0
133.0,135.0,160.0,131.0,164.0,154.0,125.0,190.0,146.0
203.0,204.0,204.0,197.0,201.0,201.0,190.0,194.0,194.0
187.0,189.0,189.0,142.0,202.0,103.0,115.0,133.0,117.0
97.0,34.0,102.0,21.0,102.0,114.0,42.0,52.0,53.0
46.0,67.0,46.0,46.0,96.0,72.0,46.0,118.0,47.0
224.0,100.0,227.0,225.0,49.0,226.0,223.0,109.0,169.0
209.0,163.0,200.0,231.0,170.0,205.0,148.0,145.0,172.0
158.0,221.0,204.0,168.0,130.0,201.0,198.0,202.0,200.0
109.0,125.0,126.0,138.0,107.0,135.0,76.0,102.0,95.0
183.0,187.0,184.0,176.0,200.0,199.0,134.0,132.0,139.0
33.0,127.0,133.0,26.0,75.0,86.0,23.0,40.0,51.0
210.0,210.0,221.0,217.0,205.0,219.0,205.0,209.0,223.0
82.0,81.0,79.0,43.0,82.0,78.0,152.0,168.0,154.0
52.0,98.0,152.0,120.0,131.0,165.0,182.0,157.0,112.0
216.0,193.0,219.0,50.0,52.0,129.0,161.0,80.0,164.0
161.0,211.0,219.0,209.0,208.0,203.0,109.0,110.0,110.0
225.0,227.0,227.0,166.0,129.0,136.0,228.0,231.0,232.0
14.0,80.0,14.0,14.0,124.0,14.0,14.0,81.0,14.0
143.0,142.0,162.0,163.0,128.0,150.0,153.0,153.0,148.0
196.0,196.0,196.0,196.0,196.0,196.0,196.0,196.0,196.0
230.0,98.0,249.0,85.0,129.0,237.0,97.0,125.0,164.0
142.0,198.0,88.0,175.0,167.0,128.0,201.0,163.0,151.0
255.0,255.0,255.0,255.0,201.0,255.0,255.0,213.0,255.0
214.0,217.0,224.0,218.0,228.0,232.0,181.0,166.0,163.0
220.0,95.0,221.0,219.0,172.0,220.0,165.0,86.0,157.0
247.0,247.0,247.0,247.0,247.0,247.0,247.0,247.0,247.0
93.0,128.0,101.0,161.0,107.0,106.0,159.0,150.0,55.0
104.0,106.0,108.0,122.0,160.0,167.0,213.0,185.0,224.0
149.0,151.0,149.0,121.0,150.0,149.0,94.0,161.0,134.0
95.0,91.0,98.0,159.0,175.0,156.0,150.0,163.0,150.0
128.0,110.0,134.0,51.0,88.0,108.0,56.0,156.0,117.0
114.0,100.0,126.0,139.0,133.0,131.0,135.0,129.0,127.0
255.0,255.0,255.0,150.5,140.0,132.0,255.0,255.0,255.0
176.0,176.0,176.0,176.0,148.0,176.0,179.0,179.0,179.0
62.0,72.0,52.0,144.0,114.0,67.0,132.0,116.0,72.0
144.0,151.0,135.0,174.0,136.0,124.0,79.0,131.0,114.0
110.0,84.0,99.0,122.0,92.0,110.0,96.0,149.0,84.0
0.0,64.0,0.0,0.0,119.0,0.0,0.0,122.0,0.0
205.0,180.0,158.0,195.0,165.0,127.0,187.0,183.0,93.0
255.0,255.0,255.0,255.0,255.0,255.0,255.0,255.0,255.0
0.0,153.0,0.0,172.5,162.0,105.0,0.0,141.0,0.0
174.0,161.0,198.0,176.0,148.0,158.0,175.0,154.0,180.0
125.0,62.0,126.0,146.0,140.0,135.0,112.0,133.0,129.0
0.0,0.0,0.0,0.0,0.0,0.0,0.0,0.0,0.0
185.0,186.0,182.0,185.0,178.0,178.0,188.0,183.0,172.0
201.0,203.0,201.0,201.0,203.0,203.0,200.0,199.0,199.0
130.0,132.0,131.0,131.0,132.0,134.0,131.0,136.0,170.0
46.0,128.0,48.0,84.0,137.0,46.0,62.0,139.0,46.0
105.0,16.0,90.0,88.0,61.0,66.0,61.0,57.0,61.0
106.0,75.0,27.0,160.0,166.0,160.0,130.0,158.0,130.0
195.0,194.0,193.0,192.0,70.0,108.0,186.0,192.0,186.0
113.0,143.0,55.0,132.0,90.0,48.0,89.0,139.0,111.0
226.0,217.0,219.0,230.0,199.0,215.0,229.0,208.0,207.0
116.0,180.0,178.0,181.0,176.0,158.0,125.0,150.0,154.0
250.0,203.0,254.0,191.0,236.0,189.0,230.0,235.0,229.0
164.0,169.0,170.0,166.0,163.0,168.0,165.0,168.0,156.0
223.0,238.0,245.0,219.0,215.5,245.0,217.0,223.0,243.0
92.0,29.0,18.0,128.0,20.0,17.0,189.0,29.0,6.0
50.0,68.0,63.0,52.0,66.0,86.0,40.0,37.0,34.0
210.0,23.0,233.0,212.0,5.0,186.0,0.0,0.0,233.0
30.0,26.0,29.0,146.0,169.0,171.0,152.0,157.0,116.0
149.0,142.0,169.0,156.0,211.0,185.0,190.0,187.0,199.0
155.0,111.0,88.0,161.0,159.0,91.0,182.0,89.0,90.0
0.0,138.0,0.0,0.0,181.0,1.0,0.0,0.0,0.0
222.0,171.0,226.0,209.0,108.0,217.0,68.0,74.0,138.0
203.0,173.0,188.0,139.0,104.0,150.0,134.0,140.0,136.0
111.0,112.0,115.0,112.0,143.0,115.0,113.0,113.0,117.0
201.0,104.0,100.0,30.0,55.0,48.0,214.0,114.0,106.0
37.0,49.0,32.0,61.0,38.0,32.0,38.0,30.0,25.0
177.0,177.0,240.0,176.0,168.0,240.0,174.0,130.0,238.0
184.0,171.0,179.0,215.0,210.0,174.0,178.0,170.0,159.0
250.0,218.0,250.0,250.0,166.0,250.0,250.0,142.0,250.0
237.0,122.0,154.0,250.0,153.0,242.0,232.0,112.0,184.0
62.0,34.0,147.0,33.0,68.0,127.0,125.0,57.0,144.0
255.0,255.0,255.0,255.0,252.0,255.0,255.0,255.0,255.0
186.0,108.0,100.0,126.0,157.0,56.0,206.0,120.0,80.0
51.0,60.0,62.0,48.0,68.0,63.0,50.0,54.0,93.0
104.0,136.0,72.0,102.0,103.0,68.0,89.0,145.0,66.0
124.0,141.0,160.0,168.0,115.0,126.0,84.0,103.0,110.0
100.0,170.0,95.0,102.0,137.0,142.0,141.0,174.0,178.0
69.0,76.0,66.0,230.0,230.0,180.0,38.0,192.0,39.0
113.0,123.0,123.0,69.0,66.0,87.0,40.0,41.0,39.0
163.0,158.0,161.0,173.0,167.0,149.0,171.0,151.0,168.0
175.0,69.0,57.0,115.0,132.0,51.0,107.0,194.0,119.0
153.0,140.0,132.0,169.0,160.0,135.0,137.0,76.0,82.0
175.0,173.0,168.0,189.0,194.0,171.0,177.0,170.0,168.0
76.0,78.0,45.0,162.0,132.0,157.0,162.0,135.0,199.0
212.0,187.0,212.0,194.0,137.0,179.0,212.0,125.0,212.0
211.0,210.0,108.0,130.0,215.0,215.0,100.0,108.0,101.0
255.0,209.0,255.0,198.0,159.0,206.0,255.0,173.0,255.0
246.0,241.0,246.0,237.0,237.0,242.0,235.0,238.0,240.0
204.0,91.0,205.0,123.0,161.0,191.0,134.0,224.0,234.0
255.0,237.0,255.0,255.0,229.0,255.0,255.0,241.0,255.0
98.0,116.0,100.0,108.0,151.0,117.0,129.0,147.0,169.0
46.0,58.0,64.0,40.0,57.0,59.0,1.0,58.0,41.0
226.0,143.0,150.0,208.0,103.0,195.0,199.0,119.0,151.0
228.0,205.0,192.0,211.0,55.0,197.0,199.0,189.0,189.0
209.0,141.0,207.0,196.0,142.0,189.0,136.0,102.0,208.0
139.0,219.0,115.0,88.0,211.0,110.0,92.0,82.0,85.0
228.0,225.0,221.0,222.0,186.0,203.0,213.0,181.0,202.0
159.0,159.0,157.0,154.0,144.0,140.0,209.0,140.0,77.0
176.0,163.0,172.0,162.0,160.0,167.0,130.0,150.0,152.0
92.0,46.0,43.0,155.0,72.0,63.0,79.0,49.0,48.0
223.0,222.0,195.0,170.0,217.0,151.0,217.0,220.0,196.0
80.0,90.0,94.0,139.0,123.0,134.0,131.0,130.0,131.0
193.0,195.0,172.0,191.0,180.0,174.0,181.0,181.0,175.0
40.0,73.0,124.0,43.0,99.0,140.0,152.0,122.0,82.0
80.0,76.0,61.0,16.0,17.0,18.0,124.0,182.0,195.0
173.0,175.0,159.0,80.0,119.0,92.0,101.0,85.0,88.0
243.0,243.0,243.0,243.0,183.0,243.0,243.0,243.0,243.0
187.0,190.0,196.0,179.0,185.0,176.0,188.0,188.0,191.0
224.0,232.0,226.0,225.0,233.0,229.0,215.0,208.0,210.0
76.0,125.0,169.0,108.0,136.0,184.0,87.0,77.0,64.0
187.0,164.0,171.0,204.0,195.0,206.0,198.0,200.0,145.0
6.0,6.0,6.0,5.0,132.0,11.0,6.0,9.0,7.0
180.0,99.0,108.0,156.0,113.0,103.0,92.0,88.0,66.0
191.0,188.0,201.0,197.0,178.0,181.0,198.0,187.0,202.0
50.0,84.0,100.0,57.0,84.0,74.0,50.0,106.0,133.0
34.0,49.0,44.0,36.0,53.0,112.0,37.0,53.0,78.0
204.0,196.0,194.0,110.0,135.0,112.0,194.0,187.0,198.0
181.0,174.0,160.0,155.0,90.0,127.0,58.0,64.0,131.0
205.0,161.0,106.0,182.0,206.0,104.0,100.0,108.0,96.0
179.0,136.0,143.0,185.0,91.0,147.0,171.0,135.0,122.0
199.0,200.0,200.0,144.0,208.0,203.0,198.0,221.0,201.0
84.0,112.0,163.0,177.0,162.0,153.0,120.0,142.0,117.0
255.0,255.0,255.0,255.0,124.0,255.0,255.0,255.0,255.0
96.0,96.0,96.0,106.0,98.0,135.0,79.0,114.0,124.0
169.0,168.0,169.0,170.0,237.0,170.0,169.0,171.0,169.0
221.0,204.0,219.0,208.0,169.0,201.0,205.0,191.0,204.0
188.0,184.0,174.0,167.0,188.0,145.0,155.0,147.0,137.0
33.0,183.0,218.0,29.0,171.0,207.0,17.0,166.0,181.0
108.0,110.0,114.0,110.0,148.0,146.0,227.0,226.0,204.0
255.0,123.0,255.0,246.0,100.0,252.0,255.0,145.0,255.0
229.0,208.0,179.0,232.0,196.0,151.0,192.0,159.0,116.0
144.0,145.0,143.0,88.0,130.0,142.0,86.0,87.0,90.0
129.0,168.0,177.0,167.0,185.0,175.0,124.0,123.0,120.0
255.0,255.0,255.0,255.0,254.0,255.0,255.0,255.0,255.0
33.0,48.0,54.0,9.0,33.0,24.0,106.0,108.0,135.0
231.0,223.0,214.0,228.0,213.0,216.0,225.0,215.0,214.0
235.0,237.0,235.0,219.0,216.0,215.0,208.0,206.0,203.0
68.0,14.0,14.0,24.0,226.0,30.0,22.0,209.0,38.0
200.0,185.0,196.0,193.0,193.0,198.0,168.0,166.0,174.0
96.0,91.0,88.0,104.0,97.0,105.0,125.0,123.0,122.0
119.0,166.0,164.0,174.0,138.0,134.0,32.0,37.0,22.0
215.0,228.0,193.0,176.0,217.0,154.0,201.0,208.0,159.0
80.0,114.0,70.0,26.0,82.0,23.0,42.0,51.0,38.0
12.0,12.0,10.0,106.0,70.0,48.0,96.0,61.0,62.0
244.0,199.0,241.0,246.0,199.0,244.0,175.0,133.0,174.0
182.0,182.0,182.0,169.0,194.0,164.0,163.0,196.0,160.0
159.0,181.0,141.0,182.0,194.0,173.0,157.0,176.0,178.0
92.0,62.0,45.0,40.0,65.0,35.0,57.0,73.0,55.0
182.0,177.0,197.0,138.0,149.0,200.0,139.0,187.0,199.0
188.0,183.0,185.0,192.0,186.0,179.0,155.0,141.0,147.0
87.0,51.0,76.0,160.0,182.0,104.0,161.0,183.0,153.0
172.0,171.0,200.0,172.0,171.0,200.0,172.0,171.0,200.0
252.0,249.0,244.0,249.0,225.0,230.0,253.0,234.0,237.0
122.0,111.0,116.0,116.0,88.0,85.0,143.0,155.0,142.0
134.0,168.0,187.0,108.0,120.0,114.0,61.0,72.0,53.0
119.0,129.0,133.0,149.0,183.0,155.0,167.0,182.0,195.0
141.0,157.0,110.0,139.0,66.0,128.0,116.0,146.0,109.0
134.0,128.0,148.0,90.0,106.0,108.0,32.0,81.0,34.0
59.0,79.0,181.0,64.0,153.0,222.0,58.0,93.0,193.0
171.0,171.0,112.0,208.0,238.0,113.0,228.0,227.0,120.0
238.0,238.0,238.0,238.0,227.0,238.0,238.0,238.0,238.0
150.0,142.0,147.0,175.0,145.0,181.0,251.0,139.0,251.0
218.0,206.0,206.0,214.0,195.0,71.0,99.0,199.0,53.0
211.0,170.0,191.0,218.0,145.0,193.0,195.0,128.0,98.0
122.0,112.0,106.0,122.0,114.0,113.0,134.0,130.0,133.0
183.0,184.0,181.0,167.0,164.0,183.0,167.0,133.0,176.0
39.0,64.0,72.0,100.0,66.0,44.0,164.0,129.0,210.0
104.0,218.0,120.0,222.0,157.0,150.0,191.0,162.0,120.0
193.0,187.0,179.0,178.0,36.0,156.0,195.0,147.0,206.0
114.0,120.0,118.0,106.0,113.0,110.0,98.0,106.0,98.0
127.0,105.0,42.0,35.0,142.0,136.0,92.0,145.0,141.0
236.0,199.0,234.0,104.0,197.0,121.0,173.0,185.0,194.0
0.0,0.0,0.0,0.0,1.0,0.0,0.0,0.0,0.0
242.0,242.0,242.0,242.0,242.0,242.0,242.0,242.0,242.0
147.0,124.0,135.0,204.0,165.0,164.0,86.0,78.0,77.0
123.0,153.0,155.0,127.0,116.0,110.0,114.0,109.0,70.0
152.0,100.0,19.0,124.0,132.0,136.0,58.0,94.0,137.0
0.0,216.0,0.0,0.0,188.0,0.0,0.0,67.0,0.0
179.0,112.0,36.0,70.0,36.0,34.0,104.0,48.0,41.0
188.0,188.0,189.0,185.0,171.0,186.0,186.0,177.0,180.0
186.0,72.0,157.0,197.0,115.0,114.0,192.0,140.0,111.0
215.0,213.0,207.0,207.0,155.0,189.0,199.0,188.0,188.0
185.0,220.0,186.0,190.0,205.0,190.0,168.0,177.0,177.0
217.0,104.0,220.0,206.0,120.0,209.0,148.0,96.0,188.0
2.0,2.0,2.0,59.0,99.0,25.0,36.0,54.0,36.0
147.0,147.0,147.0,147.0,48.0,147.0,147.0,147.0,147.0
138.0,234.0,142.0,232.0,236.0,234.0,135.0,231.0,140.0
170.0,168.0,164.0,190.0,240.0,185.0,207.0,220.0,181.0
156.0,190.0,186.0,113.0,148.0,129.0,71.0,88.0,91.0
174.0,172.0,168.0,187.0,180.0,176.0,184.0,174.0,203.0
140.0,165.0,146.0,131.0,124.0,135.0,124.0,64.0,126.0
76.0,227.0,75.0,231.0,231.0,228.0,41.0,193.0,40.0
200.0,157.0,225.0,212.0,112.0,110.0,169.0,109.0,211.0
53.0,51.0,52.0,24.0,93.0,55.0,30.0,34.0,100.0
106.0,111.0,94.0,21.0,38.0,31.0,22.0,200.0,57.0
193.0,163.0,64.0,187.0,189.0,182.0,192.0,196.0,186.0
254.0,254.0,254.0,254.0,254.0,254.0,254.0,254.0,254.0
227.0,215.0,203.0,227.0,199.0,74.0,227.0,212.0,202.0
76.0,226.0,192.5,38.0,42.0,43.0,44.0,35.0,28.0
189.0,198.0,146.0,138.0,195.0,181.0,169.0,122.0,190.0
8.0,18.0,8.0,94.0,108.0,87.0,78.0,106.0,84.0
179.0,177.0,177.0,141.0,128.0,171.0,170.0,168.0,158.0
32.0,33.0,173.0,53.0,105.0,152.0,28.0,36.0,74.0
139.0,126.0,131.0,78.0,76.0,86.0,255.0,255.0,255.0
64.0,63.0,51.0,116.0,133.0,62.0,128.0,108.0,73.0
146.0,162.0,184.0,148.0,144.0,180.0,139.0,158.0,178.0
172.0,194.0,225.0,195.0,218.0,233.0,89.0,70.0,78.0
125.0,194.0,125.0,125.0,194.0,125.0,125.0,125.0,125.0
153.0,153.0,153.0,153.0,28.0,153.0,153.0,153.0,153.0
62.0,98.0,112.0,48.0,77.0,91.0,77.0,78.0,73.0
215.0,221.0,220.0,215.0,206.0,106.0,214.0,212.0,207.0
251.0,170.0,250.0,167.0,165.0,173.0,251.0,59.0,251.0
175.0,182.0,134.0,141.0,152.0,116.0,88.0,106.0,80.0
130.0,134.0,158.0,104.0,86.0,126.0,78.0,62.0,95.0
42.0,123.0,132.0,74.0,146.0,171.0,203.0,98.0,160.0
211.0,174.0,195.0,142.0,163.0,204.0,204.0,184.0,212.0
163.0,168.0,158.0,153.0,144.0,150.0,143.0,90.0,157.0
185.0,191.0,189.0,190.0,72.0,194.0,194.0,196.0,194.0
179.0,150.0,155.0,189.0,23.0,188.0,114.0,18.0,153.0
177.0,179.0,178.0,171.0,110.0,163.0,91.0,83.0,141.0
128.0,118.0,127.0,119.0,57.0,63.0,125.0,114.0,120.0
221.0,165.0,216.0,224.0,156.0,206.0,197.0,139.0,221.0
134.0,164.0,134.0,145.0,162.0,131.0,50.0,73.0,112.0
38.0,26.0,15.0,59.0,66.0,21.0,20.0,72.0,22.0
62.0,83.0,69.0,88.0,86.0,57.0,49.0,60.0,53.0
38.0,40.0,44.0,38.0,29.0,37.0,37.0,12.0,36.0
76.0,112.0,145.0,90.0,131.0,138.0,132.0,170.0,157.0
224.0,216.0,212.0,219.0,210.0,198.0,218.0,204.0,206.0
79.0,74.0,71.0,92.0,100.0,92.0,60.0,54.0,33.0
113.0,94.0,100.0,35.0,53.0,55.0,149.0,141.0,204.0
149.0,142.0,137.0,171.0,140.0,186.0,106.0,117.0,127.0
251.0,251.0,251.0,251.0,251.0,251.0,251.0,251.0,251.0
157.0,147.0,143.0,156.0,104.0,109.0,149.0,70.0,188.0
86.0,82.0,147.0,104.0,105.0,128.0,80.0,75.0,78.0
54.0,73.0,68.0,73.0,104.0,82.0,53.0,39.0,22.0
151.0,99.0,74.0,109.0,126.0,98.0,101.0,77.0,59.0
183.0,183.0,182.0,178.0,173.0,177.0,183.0,182.0,182.0
255.0,255.0,255.0,255.0,183.0,255.0,255.0,255.0,255.0
131.0,139.0,146.0,130.0,142.0,114.0,119.0,128.0,127.0
211.0,189.0,185.0,214.0,186.0,203.0,156.0,156.0,199.0
175.0,180.0,171.0,173.0,123.0,160.0,142.0,104.0,121.0
11.0,21.0,40.0,49.0,55.0,56.0,51.0,54.0,50.0
120.0,159.0,170.0,112.0,127.0,137.0,74.0,61.0,44.0
231.0,204.0,174.0,232.0,188.0,181.0,228.0,190.0,188.0
160.0,102.0,95.0,178.0,134.0,136.0,131.0,137.0,124.0
39.0,42.0,50.0,66.0,70.0,69.0,66.0,74.0,56.0
1.0,121.0,14.0,51.0,232.0,50.0,60.0,229.0,35.0
52.0,215.0,116.0,104.0,200.0,160.0,196.0,179.0,168.0
236.0,165.0,109.0,233.0,93.0,86.0,210.0,152.0,104.0
151.0,150.0,149.0,164.0,163.0,158.0,179.0,177.0,174.0
255.0,255.0,255.0,255.0,239.0,255.0,255.0,255.0,255.0
192.0,128.0,110.0,182.0,131.0,76.0,117.0,84.0,50.0
198.0,177.0,92.0,194.0,138.0,182.0,120.0,186.0,145.0
203.0,203.0,198.0,150.0,198.0,203.0,184.0,129.0,222.0
202.0,202.0,199.0,201.0,81.0,196.0,211.0,213.0,209.0
156.0,159.0,164.0,159.0,157.0,160.0,138.0,83.0,104.0
110.0,177.0,150.0,85.0,126.0,95.0,56.0,54.0,72.0
197.0,90.0,71.0,195.0,98.0,145.0,178.0,116.0,197.0
114.0,111.0,133.0,99.0,66.0,156.0,160.0,34.0,144.0
255.0,255.0,255.0,255.0,255.0,255.0,255.0,255.0,255.0
106.0,126.0,122.0,115.0,99.0,125.0,126.0,120.0,91.0
68.0,55.0,50.0,112.0,51.0,102.0,106.0,100.0,98.0
205.0,198.0,158.0,202.0,168.0,172.0,238.0,246.0,206.0
154.0,163.0,159.0,160.0,166.0,158.0,148.0,161.0,148.0
189.0,127.0,205.0,190.0,94.0,207.0,189.0,82.0,206.0
255.0,255.0,255.0,183.0,140.0,222.0,255.0,255.0,255.0
0.0,0.0,0.0,0.0,145.0,0.0,0.0,0.0,0.0
172.0,168.0,164.0,154.0,148.0,159.0,158.0,158.0,157.0
150.0,150.0,150.0,150.0,150.0,150.0,150.0,150.0,150.0
52.0,146.0,39.0,102.0,155.0,53.0,36.0,76.0,32.0
50.0,52.0,62.0,142.0,172.0,159.0,130.0,191.0,168.0
62.0,169.0,214.0,57.0,169.0,183.0,60.0,151.0,133.0
32.0,30.0,31.0,209.0,181.0,221.0,184.0,176.0,212.0
116.0,241.0,127.0,102.0,179.0,119.0,112.0,146.0,146.0
47.0,52.0,47.0,49.0,52.0,49.0,45.0,52.0,46.0
235.0,235.0,234.0,225.0,222.0,219.0,170.0,168.0,151.0
111.0,115.0,117.0,115.0,110.0,119.0,116.0,119.0,120.0
19.0,26.0,31.0,20.0,96.0,32.0,23.0,49.0,24.0
157.0,134.0,168.0,120.0,46.0,138.0,90.0,85.0,87.0
192.0,142.0,95.0,99.0,42.0,20.0,12.0,6.0,3.0
87.0,112.0,118.0,57.0,114.0,94.0,53.0,66.0,47.0
127.0,199.0,174.0,114.0,206.0,143.0,74.0,151.0,145.0
214.0,215.0,212.0,196.0,157.0,188.0,126.0,116.0,146.0
122.0,120.0,118.0,115.0,128.0,108.0,97.0,92.0,92.0
239.0,239.0,239.0,237.0,236.0,237.0,238.0,238.0,239.0
57.0,98.0,198.0,192.0,168.0,145.0,185.0,143.0,126.0
159.0,181.0,100.0,102.0,129.0,59.0,58.0,62.0,41.0
129.0,131.0,124.0,125.0,81.0,80.0,68.0,37.0,32.0
149.0,140.0,189.0,215.0,210.0,216.0,235.0,231.0,234.0
90.0,64.0,33.0,94.0,59.0,33.0,66.0,51.0,29.0
169.0,169.0,169.0,169.0,169.0,169.0,168.0,130.0,130.0
67.0,63.0,95.0,79.0,133.0,151.0,28.0,50.0,35.0
174.0,106.0,126.0,181.0,141.0,121.0,180.0,167.0,140.0
0.0,0.0,0.0,0.0,2.0,1.0,1.0,1.0,1.0
170.0,169.0,171.0,163.0,181.0,165.0,168.0,170.0,162.0
215.0,184.0,189.0,220.0,205.0,202.0,172.0,165.0,152.0
182.0,199.0,199.0,176.0,190.0,169.0,181.0,197.0,192.0
13.0,22.0,24.0,60.0,130.0,34.0,111.0,78.0,29.0
142.0,145.0,142.0,132.0,114.0,144.0,141.0,145.0,142.0
177.0,162.0,158.0,178.0,168.0,175.0,192.0,175.0,182.0
66.0,69.0,48.0,66.0,78.0,49.0,50.0,59.0,40.0
66.0,80.0,74.0,82.0,122.0,122.0,16.0,17.0,36.0
254.0,254.0,254.0,195.0,195.0,195.0,254.0,254.0,254.0
255.0,255.0,255.0,139.0,180.0,112.0,255.0,255.0,255.0
238.0,239.0,242.0,235.0,224.0,239.0,231.0,229.0,236.0
225.0,225.0,225.0,225.0,139.0,225.0,225.0,199.0,225.0
166.0,173.0,173.0,153.0,104.0,145.0,164.0,145.0,146.0
78.0,77.0,67.0,254.0,255.0,255.0,0.0,250.0,0.0
141.0,28.0,76.0,141.0,23.0,32.0,139.0,112.0,103.0
163.0,175.0,163.0,181.0,127.0,171.0,186.0,186.0,159.0
248.0,248.0,248.0,248.0,248.0,248.0,248.0,248.0,248.0
98.0,97.0,92.0,64.0,58.0,54.0,201.0,196.0,184.0
1.0,1.0,1.0,2.0,128.0,4.0,1.0,1.0,1.0
85.0,118.0,164.0,68.0,78.0,72.0,59.0,121.0,61.0
246.0,227.0,211.0,246.0,207.0,220.0,240.0,215.0,219.0
168.0,182.0,88.0,150.0,155.0,124.0,124.0,159.0,120.0
254.0,254.0,254.0,126.0,131.0,162.0,137.0,160.0,154.0
142.0,150.0,121.0,82.0,88.0,80.0,68.0,80.0,74.0
208.0,210.0,49.0,128.0,103.0,80.0,165.0,88.0,121.0
239.0,239.0,239.0,237.0,237.0,237.0,238.0,238.0,237.0
0.0,0.0,0.0,0.0,196.0,0.0,0.0,0.0,0.0
170.0,163.0,174.0,116.0,118.0,123.0,251.0,102.5,251.0
104.0,138.0,113.0,121.0,117.0,128.0,34.0,76.0,96.0
1.0,1.0,1.0,1.0,1.0,1.0,1.0,2.0,1.0
187.0,186.0,187.0,188.0,189.0,186.0,186.0,143.0,144.0
255.0,47.0,255.0,255.0,59.0,255.0,255.0,96.0,255.0
145.0,145.0,146.0,145.0,145.0,147.0,31.0,30.0,28.0
218.0,239.0,225.0,181.0,180.0,189.0,233.0,225.0,233.0
84.0,142.0,135.0,169.0,180.0,190.0,106.0,172.0,178.0
90.0,55.0,47.0,31.0,42.0,46.0,86.0,93.0,89.0
66.0,82.0,204.0,74.0,127.0,176.0,49.0,52.0,188.0
113.0,117.0,119.0,115.0,132.0,123.0,117.0,122.0,122.0
96.0,96.0,96.0,96.0,96.0,96.0,96.0,96.0,96.0
84.0,100.0,108.0,81.0,66.0,102.0,82.0,80.0,104.0
178.0,153.0,146.0,162.0,112.0,120.0,150.0,139.0,138.0
1.0,1.0,1.0,1.0,1.0,1.0,1.0,1.0,1.0
5.0,11.0,5.0,5.0,58.0,5.0,4.0,15.0,4.0
142.0,156.0,114.0,142.0,186.0,96.0,110.0,163.0,117.0
254.0,254.0,254.0,3.0,0.0,1.0,254.0,254.0,254.0
66.0,82.0,68.0,86.0,106.0,105.0,68.0,94.0,54.0
80.0,78.0,64.0,125.0,109.0,106.0,118.0,122.0,119.0
213.0,213.0,213.0,213.0,206.0,213.0,213.0,213.0,213.0
200.0,186.0,191.0,190.0,79.0,200.0,160.0,80.0,162.0
94.0,108.0,102.0,106.0,139.0,109.0,145.0,132.0,147.5
192.0,165.0,78.0,193.0,176.0,64.0,183.0,146.0,94.0
113.0,122.0,137.0,86.0,115.0,98.0,114.0,88.0,108.0
31.0,36.0,21.0,36.0,98.0,24.0,39.0,36.0,25.0
116.0,144.0,192.0,122.0,132.0,104.0,26.0,90.0,46.0
51.0,56.0,58.0,42.0,198.0,61.0,190.0,200.0,209.0
0.0,0.0,0.0,0.0,204.0,0.0,0.0,0.0,0.0
209.0,201.0,198.0,207.0,196.0,196.0,192.0,192.0,189.0
169.0,175.0,172.0,176.0,123.0,180.0,180.0,183.0,181.0
21.0,33.0,20.0,23.0,29.0,23.0,23.0,21.0,19.0
182.0,160.0,144.0,139.0,127.0,104.0,192.0,163.0,132.0
52.0,23.0,60.0,52.0,78.0,125.0,120.0,119.0,78.0
94.0,94.0,94.0,94.0,151.0,94.0,94.0,95.0,94.0
196.0,185.0,160.0,188.0,171.0,109.0,158.0,61.0,36.0
254.0,254.0,254.0,250.0,245.0,250.0,253.0,252.0,254.0
134.0,102.0,153.0,156.0,152.0,94.0,142.0,132.0,148.0
207.0,188.0,186.0,73.0,129.0,138.0,97.0,100.0,153.0
181.0,180.0,180.0,181.0,180.0,180.0,180.0,182.0,180.0
191.0,136.0,110.0,159.0,64.0,64.0,145.0,28.0,163.0
55.0,19.0,53.0,144.0,119.0,78.0,138.0,152.0,118.0
172.0,222.0,205.0,209.0,198.0,193.0,169.0,204.0,185.0
244.0,239.0,237.0,245.0,72.0,237.0,244.0,240.0,233.0
199.0,204.0,210.0,173.0,127.0,170.0,154.0,138.0,144.0
73.0,211.0,72.0,225.0,222.0,222.0,41.0,195.0,32.0
250.0,231.0,218.0,247.0,199.0,235.0,244.0,218.0,218.0
149.0,149.0,165.0,142.0,163.0,162.0,159.0,153.0,140.0
255.0,91.0,255.0,210.0,94.0,230.0,255.0,213.0,255.0
196.0,198.0,198.0,197.0,199.0,199.0,156.0,158.0,148.0
116.0,127.0,139.0,115.0,88.0,133.0,107.0,97.0,122.0
227.0,226.0,220.0,222.0,224.0,219.0,249.0,247.0,245.0
252.0,255.0,247.0,254.0,255.0,254.0,190.0,182.0,226.0
195.0,208.0,194.0,217.0,211.0,212.0,194.0,191.0,189.0
222.0,192.0,225.0,208.0,121.0,219.0,177.0,82.0,170.0
224.0,224.0,230.0,169.0,92.0,55.0,229.0,228.0,229.0
219.0,221.0,221.0,113.0,106.0,148.0,221.0,223.0,224.0
22.0,24.0,15.0,16.0,135.0,16.0,46.0,52.0,28.0
201.0,213.0,230.0,182.0,182.0,228.0,95.0,134.0,215.0
186.0,199.0,188.0,180.0,224.0,193.0,182.0,186.0,192.0
206.0,226.5,227.0,211.0,228.0,226.0,201.0,220.0,220.0
251.0,255.0,255.0,255.0,254.0,7.0,255.0,255.0,255.0
122.0,196.0,97.0,81.0,81.0,52.0,200.0,206.0,213.0
104.0,117.0,116.0,103.0,115.0,119.0,102.0,107.0,104.0
31.0,176.0,22.0,112.0,148.0,27.0,100.0,118.0,72.0
19.0,22.0,22.0,17.0,60.0,19.0,10.0,112.0,12.0
146.0,135.0,122.0,129.0,122.0,106.0,127.0,140.0,99.0
82.0,106.0,112.0,126.0,121.0,78.0,97.0,96.0,88.0
15.0,24.0,25.0,16.0,136.0,111.0,12.0,16.0,21.0
113.0,126.0,128.0,187.0,128.0,216.0,122.0,129.0,164.0
168.0,168.0,167.0,84.0,84.0,76.0,64.0,65.0,60.0
158.0,209.0,210.0,155.0,196.0,85.0,171.0,173.0,158.0
195.0,208.0,224.0,179.0,175.0,210.0,208.0,208.0,216.0
72.0,92.0,100.0,52.0,125.0,84.0,20.0,85.0,28.0
251.0,252.0,252.0,252.0,143.0,252.0,252.0,242.0,243.0
139.0,121.0,154.0,157.0,185.0,102.0,118.0,120.0,54.0
109.0,110.0,119.0,82.0,96.0,103.0,98.0,102.0,92.0
16.0,37.0,10.0,84.0,55.0,8.0,17.0,21.0,9.0
82.0,167.0,94.0,115.0,151.0,84.0,126.0,91.0,98.0
110.0,108.0,102.0,46.0,80.0,128.0,91.0,92.0,133.0
193.0,94.0,117.0,147.0,135.0,125.0,96.0,91.0,91.0
17.0,18.0,21.0,23.0,227.0,27.0,40.0,234.0,36.0
63.0,70.0,55.0,53.0,59.0,50.0,221.0,225.0,223.0
245.0,212.0,204.0,154.0,176.0,127.0,230.0,237.0,252.0
174.0,175.0,176.0,172.0,173.0,174.0,167.0,172.0,167.0
147.0,96.0,155.0,108.0,81.0,113.0,125.0,104.0,96.0
119.0,139.0,72.0,130.0,142.0,70.0,132.0,141.0,96.0
202.0,202.0,202.0,164.0,44.0,34.0,202.0,202.0,202.0
214.0,219.0,216.0,221.0,134.0,215.0,189.0,135.0,185.5
192.0,203.0,208.0,186.0,183.0,215.0,161.0,186.0,195.0
182.0,163.0,129.0,173.0,180.0,138.0,132.0,179.0,168.0
151.0,151.0,161.0,64.0,18.0,40.0,129.0,38.0,168.0
124.0,126.0,71.0,146.0,123.0,90.0,100.0,158.0,75.0
13.0,21.0,30.0,32.0,57.0,180.0,28.0,41.0,140.0
158.0,211.0,209.0,142.0,127.0,104.0,147.0,128.0,119.0
128.0,150.0,199.0,225.0,80.0,234.0,106.0,130.0,157.0
213.0,105.0,78.0,210.0,122.0,46.0,137.0,112.0,58.0
216.0,211.0,209.0,214.0,163.0,204.0,205.0,179.0,206.0
222.0,223.0,235.0,216.0,204.0,241.0,188.0,139.0,218.0
191.0,222.0,200.0,79.0,162.0,104.0,159.0,151.0,159.0
11.0,11.0,11.0,10.0,10.0,9.0,139.0,128.0,76.0
130.0,138.0,136.0,121.0,147.0,134.0,92.0,84.0,84.0
74.0,131.0,60.0,147.0,125.0,103.0,121.0,110.0,120.0
126.0,128.0,126.0,126.0,124.0,126.0,126.0,126.0,126.0
106.0,134.0,141.0,104.0,114.0,80.0,52.0,60.0,62.0
0.0,0.0,0.0,0.0,4.0,0.0,0.0,0.0,0.0
161.0,200.0,185.0,104.0,102.0,112.0,117.0,181.0,151.0
211.0,193.0,202.0,169.0,206.0,196.0,118.0,129.0,155.0
251.0,164.0,195.0,16.0,14.0,17.0,251.0,64.0,251.0
127.0,114.0,182.0,159.0,209.0,93.0,153.0,118.0,90.0
117.0,179.0,178.0,104.0,139.0,145.0,61.0,102.0,96.0
221.0,50.0,185.0,174.0,74.0,184.0,66.0,122.0,239.0
124.0,133.0,98.0,128.0,122.0,74.0,79.0,135.0,72.0
179.0,185.0,184.0,173.0,181.0,180.0,84.0,96.0,148.0
168.0,188.0,182.0,152.0,217.0,126.0,155.0,136.0,151.0
219.0,221.0,219.0,218.0,132.0,35.0,215.0,208.0,158.0
7.0,45.0,74.0,5.0,64.0,118.0,54.0,52.0,100.0
15.0,37.0,14.0,76.0,66.0,61.0,128.0,157.0,116.0
132.0,136.0,132.0,104.0,102.0,113.0,118.0,123.0,120.0
217.0,208.0,205.0,80.0,100.0,116.0,78.0,76.0,74.0
255.0,255.0,255.0,112.0,142.0,157.0,255.0,255.0,255.0
255.0,255.0,255.0,149.0,90.0,204.0,255.0,255.0,255.0
128.0,130.0,141.0,136.0,132.0,136.0,196.0,151.0,219.0
255.0,255.0,255.0,238.0,238.0,238.0,255.0,255.0,255.0
228.0,228.0,228.0,228.0,228.0,228.0,228.0,228.0,228.0
16.0,16.0,16.0,16.0,29.0,16.0,24.0,26.0,26.0
7.0,7.0,7.0,12.0,128.0,253.0,7.0,7.0,7.0
160.0,171.0,174.0,134.0,70.0,74.0,139.0,148.0,138.0
103.0,98.0,96.0,82.0,98.0,91.0,52.0,70.0,70.0
233.0,183.0,129.0,181.0,90.0,168.0,150.0,121.0,77.0
130.0,153.0,174.0,159.0,159.0,78.0,160.0,165.0,158.0
151.0,153.0,141.0,146.0,151.0,155.0,153.0,157.0,139.0
177.0,177.0,177.0,177.0,177.0,177.0,177.0,177.0,177.0
255.0,255.0,255.0,255.0,82.0,255.0,255.0,255.0,255.0
216.0,221.0,223.0,214.0,220.0,221.0,211.0,216.0,218.0
152.0,152.0,153.0,136.0,148.0,148.0,102.0,82.0,118.0
86.0,117.0,158.0,70.0,82.0,68.0,63.0,126.0,65.0
201.0,197.0,193.0,195.0,195.0,191.0,123.0,123.0,124.0
170.0,116.0,175.0,173.0,174.0,178.0,159.0,164.0,175.0
113.0,135.0,155.0,133.0,90.0,158.0,122.0,92.0,98.0
255.0,255.0,255.0,161.0,176.0,220.0,255.0,255.0,255.0
202.0,215.0,191.0,134.0,110.0,110.0,66.0,56.0,63.0
210.0,212.0,210.0,213.0,218.0,215.0,148.0,203.0,213.0
255.0,255.0,255.0,255.0,255.0,255.0,255.0,255.0,255.0
159.0,155.0,163.0,104.0,105.0,130.0,102.0,70.0,96.0
104.0,117.0,76.0,106.0,112.0,92.0,68.0,94.0,84.0
232.0,232.0,232.0,232.0,138.0,232.0,232.0,232.0,232.0
239.0,238.0,239.0,237.0,236.0,235.0,238.0,239.0,239.0
1.0,1.0,1.0,1.0,170.0,1.0,136.0,161.0,1.0
227.0,240.0,223.0,224.0,223.0,227.0,206.0,103.0,190.0
179.0,118.0,213.0,50.0,158.0,231.0,30.0,184.0,224.0
128.0,112.0,144.0,130.0,120.0,105.0,60.0,133.0,202.0
32.0,66.0,32.0,102.0,88.0,90.0,32.0,86.0,32.0
11.0,11.0,11.0,10.0,10.0,9.0,139.0,128.0,76.0
181.0,199.0,190.0,88.0,80.0,76.0,74.0,70.0,72.0
196.0,196.0,196.0,196.0,196.0,196.0,196.0,196.0,196.0
146.0,163.0,170.0,164.0,79.0,166.0,161.0,133.0,160.0
247.0,247.0,247.0,247.0,247.0,247.0,247.0,247.0,247.0
90.0,89.0,88.0,81.0,96.0,82.0,76.0,76.0,77.0
255.0,183.0,255.0,253.0,159.0,158.0,255.0,255.0,255.0
92.0,195.0,127.0,126.0,206.0,148.0,165.0,182.0,181.0
147.0,147.0,115.0,166.0,187.0,117.0,171.0,108.0,115.0
145.0,188.0,177.0,109.0,166.0,108.0,96.0,127.0,115.0
221.0,93.0,221.0,216.0,92.0,217.0,154.0,52.0,207.0
127.0,127.0,127.0,127.0,129.0,127.0,127.0,127.0,127.0
213.0,213.0,213.0,213.0,122.0,213.0,213.0,213.0,213.0
200.0,195.0,185.0,196.0,154.0,169.0,186.0,134.0,143.0
56.0,48.0,44.0,18.0,38.0,45.0,36.0,32.0,44.0
144.0,137.0,155.0,162.0,60.0,183.0,100.0,53.0,222.0
135.0,200.0,140.0,157.0,236.0,108.0,154.0,224.0,139.0
170.0,163.0,157.0,126.0,156.5,126.0,75.0,84.0,72.0
108.0,150.0,138.0,80.0,94.0,72.0,58.0,61.0,59.0
111.0,174.0,142.0,157.0,143.0,144.0,74.0,162.0,165.0
133.0,130.0,145.0,98.0,84.0,69.0,140.0,88.0,176.0
230.0,214.0,205.0,45.0,135.0,112.0,114.0,154.0,150.0
255.0,255.0,0.0,255.0,255.0,255.0,255.0,255.0,255.0
116.0,123.0,126.0,124.0,136.0,126.0,118.0,123.0,124.0
132.0,148.0,72.0,103.0,147.0,158.0,123.0,129.0,87.0
39.0,47.0,50.0,34.0,46.0,50.0,26.0,138.0,28.0
252.0,227.0,218.0,176.0,154.0,207.0,248.0,191.0,248.0
118.0,146.0,118.0,130.0,132.0,130.0,43.0,144.0,141.0
0.0,0.0,0.0,0.0,209.0,0.0,0.0,0.0,0.0
51.0,70.0,80.0,42.0,70.0,103.0,45.0,60.0,62.0
152.0,184.0,176.0,197.0,132.0,166.0,146.0,104.0,167.0
0.0,166.0,0.0,0.0,188.0,0.0,0.0,0.0,0.0
179.0,193.0,174.0,138.0,105.0,134.0,175.0,98.0,75.0
198.0,115.0,143.0,136.0,168.0,72.0,82.0,61.0,64.0
255.0,255.0,255.0,254.0,254.0,255.0,196.0,254.0,222.0
62.0,57.0,45.0,59.0,53.0,46.0,43.0,42.0,35.0
152.0,124.0,132.0,97.0,145.0,143.0,66.0,152.0,197.0
215.0,202.0,200.0,195.0,200.0,176.0,125.0,149.0,121.0
100.0,67.0,49.0,107.0,53.0,80.0,70.0,56.0,58.0
200.0,199.0,187.0,195.0,151.0,177.0,186.0,144.0,168.0
144.0,107.0,120.0,134.0,59.0,72.0,144.0,48.0,43.0
1.0,1.0,1.0,1.0,1.0,1.0,1.0,1.0,1.0
106.0,146.0,181.0,77.0,88.0,88.0,68.0,132.0,63.0
241.0,36.0,223.0,211.0,178.0,230.0,167.0,154.0,194.0
145.0,143.0,142.0,180.0,126.0,132.0,175.0,161.0,161.0
94.0,100.0,76.0,86.0,69.0,74.0,100.0,66.0,92.0
232.0,232.0,232.0,232.0,232.0,232.0,232.0,232.0,232.0
133.0,133.0,133.0,133.0,140.0,133.0,133.0,212.0,133.0
121.0,137.0,122.0,109.0,90.0,105.0,76.0,101.0,59.0
148.0,178.0,182.0,212.0,226.0,183.0,139.0,136.0,127.0
26.0,29.0,29.0,21.0,46.0,44.0,66.0,89.0,70.0
2.0,5.0,5.0,2.0,6.0,5.0,3.0,107.0,4.0
238.0,239.0,239.0,236.0,237.0,237.0,238.0,238.0,239.0
120.0,142.0,125.0,186.0,157.0,165.0,198.0,243.0,217.0
114.0,110.0,110.0,68.0,58.0,66.0,27.0,26.0,26.0
90.0,61.0,88.0,92.0,81.0,96.0,90.0,125.0,73.0
249.0,246.0,244.0,247.0,241.0,238.0,243.0,237.0,229.0
237.0,237.0,237.0,237.0,213.0,237.0,237.0,237.0,237.0
151.0,135.0,94.0,124.0,128.0,88.0,137.0,162.0,104.0
38.0,57.0,36.0,38.0,42.0,36.0,33.0,44.0,33.0
7.0,51.0,19.0,6.0,7.0,8.0,24.0,8.0,33.0
147.0,124.0,120.0,164.0,199.0,196.0,152.0,211.0,203.0
218.0,217.0,215.0,221.0,220.0,217.0,224.0,222.0,222.0
214.0,201.0,210.5,194.0,192.0,196.0,193.0,190.0,193.0
221.0,227.0,210.0,215.0,235.0,223.0,199.0,213.0,206.0
227.0,227.0,227.0,227.0,227.0,227.0,227.0,227.0,227.0
112.0,119.0,48.0,134.0,140.0,88.0,61.0,96.0,80.0
41.0,52.0,68.0,168.0,149.0,166.0,105.0,127.0,116.0
209.0,221.0,236.0,215.0,158.0,230.0,135.0,149.0,214.0
184.0,187.0,185.0,94.0,108.0,86.0,82.0,96.0,66.0
143.0,143.0,143.0,143.0,143.0,143.0,143.0,143.0,143.0
232.0,212.0,214.0,229.0,24.0,202.0,2.0,7.0,246.0
65.0,164.0,171.0,67.0,162.0,172.0,82.0,118.0,99.0
178.0,177.0,178.0,178.0,178.0,178.0,178.0,178.0,178.0
143.0,189.0,185.0,177.0,173.0,179.0,164.0,165.0,184.0
160.0,160.0,160.0,167.0,160.0,160.0,166.0,166.0,159.0
132.0,166.0,124.0,153.0,133.0,130.0,99.0,94.0,128.0
114.0,224.0,155.0,74.0,165.0,112.0,50.0,49.0,74.0
223.0,224.0,214.0,187.0,182.0,167.0,127.0,133.0,126.0
183.0,200.0,189.0,197.0,213.0,204.0,199.0,200.0,205.0
203.0,114.0,202.0,200.0,70.0,201.0,202.0,202.0,203.0
255.0,255.0,255.0,255.0,255.0,255.0,255.0,255.0,255.0
237.0,236.0,239.0,251.0,209.0,253.0,236.0,232.0,238.0
14.0,32.0,14.0,26.0,80.0,27.0,15.0,139.0,21.0
2.0,2.0,2.0,2.0,255.0,2.0,2.0,2.0,2.0
15.0,165.0,17.0,29.0,182.0,24.0,190.0,169.0,197.0
24.0,88.0,28.0,32.0,185.0,44.0,38.0,159.0,59.0
254.0,186.0,255.0,78.0,61.0,79.0,254.0,169.0,255.0
205.0,186.0,198.0,195.0,164.0,115.0,174.0,174.0,178.0
205.0,148.0,169.0,145.0,131.0,143.0,128.0,38.0,126.0
153.0,161.0,157.0,181.0,249.0,248.0,248.0,249.0,248.0
8.0,104.0,6.0,52.0,61.0,61.0,21.0,63.0,82.0
85.0,84.0,84.0,68.0,76.0,84.0,82.0,94.0,114.0
192.0,192.0,193.0,195.0,63.0,200.0,199.0,205.0,210.0
138.0,98.0,31.0,128.0,28.0,48.0,23.0,16.0,23.0
124.0,126.0,123.0,120.0,122.0,118.0,108.0,112.0,110.0
74.0,205.0,180.0,80.0,180.0,185.0,82.0,167.0,176.0
0.0,0.0,0.0,0.0,0.0,0.0,0.0,0.0,0.0
182.0,156.0,150.0,166.0,94.0,143.0,86.0,72.0,66.0
171.0,175.0,178.0,178.0,182.0,182.0,171.0,181.0,181.0
202.0,161.0,70.0,151.0,206.0,156.0,127.0,182.0,151.0
202.0,208.0,215.0,110.0,121.0,204.0,121.0,115.0,120.0
69.0,132.0,150.0,227.0,231.0,140.0,84.0,230.0,233.0
188.0,32.0,235.0,217.0,6.0,169.0,0.0,4.0,230.0
255.0,255.0,255.0,255.0,255.0,255.0,255.0,254.0,255.0
136.0,219.0,169.0,177.0,179.0,176.0,172.0,168.0,179.0
86.0,83.0,78.0,100.0,108.0,88.0,112.0,120.0,99.0
64.0,72.0,66.0,51.0,211.0,54.0,154.0,181.0,144.0
96.0,99.0,51.0,96.0,171.0,142.0,181.0,181.0,150.0
218.0,172.0,211.0,205.0,94.0,206.0,43.0,26.0,22.0
221.0,205.0,177.0,234.0,177.0,176.0,225.0,221.0,189.0
200.0,176.0,202.0,189.0,183.0,184.0,212.0,192.0,182.0
170.0,151.0,130.0,156.0,169.0,168.0,136.0,112.0,104.0
231.0,201.0,231.0,223.0,150.0,223.0,204.0,92.0,212.0
8.0,19.0,45.0,11.0,61.0,52.0,16.0,42.0,28.0
169.0,103.0,138.0,171.0,128.0,150.0,126.0,144.0,125.0
236.0,236.0,236.0,236.0,32.0,236.0,236.0,24.0,236.0
235.0,143.0,244.0,200.0,180.0,141.0,195.0,188.0,235.0
159.0,140.0,123.0,93.0,68.0,83.0,73.0,25.0,49.0
211.0,37.0,185.0,171.0,26.0,166.0,39.0,40.0,204.0
142.0,175.0,206.0,175.0,192.0,215.0,235.0,241.0,241.0
214.0,192.0,98.0,223.0,186.0,124.0,207.0,186.0,182.0
147.0,141.0,138.0,182.0,211.0,205.0,210.0,209.0,177.0
221.0,231.0,241.0,232.0,210.0,243.0,243.0,243.0,243.0
213.0,213.0,213.0,213.0,213.0,213.0,213.0,213.0,213.0
72.0,80.0,86.0,104.0,127.0,124.0,132.0,206.0,150.0
229.0,225.0,219.0,215.0,60.0,209.0,213.0,210.0,213.0
99.0,130.0,178.0,81.0,88.0,86.0,74.0,141.0,72.0
129.0,137.0,120.0,187.0,173.0,110.0,236.0,187.0,191.0
130.0,130.0,130.0,130.0,130.0,130.0,130.0,130.0,130.0
161.0,130.0,105.0,165.0,111.0,86.0,131.0,108.0,94.0
42.0,82.0,56.0,40.0,76.0,43.0,27.0,33.0,32.0
238.0,239.0,239.0,235.0,237.0,237.0,238.0,238.0,239.0
94.0,100.0,110.0,102.0,128.0,118.0,108.0,121.0,108.0
120.0,110.0,104.0,142.0,100.0,125.0,144.0,76.0,106.0
136.0,137.0,111.0,161.0,155.0,138.0,212.0,215.0,201.0
220.0,28.0,236.0,187.0,27.0,242.0,22.0,24.0,29.0
112.0,122.0,139.0,134.0,149.0,161.0,136.0,149.0,161.0
11.0,119.0,8.0,12.0,120.0,12.0,200.0,225.0,205.0
247.0,247.0,247.0,247.0,247.0,247.0,247.0,247.0,247.0
127.0,143.0,152.0,144.0,152.0,156.0,134.0,134.0,142.0
71.0,145.0,153.0,71.0,128.0,136.0,113.0,96.0,96.0
144.0,106.0,237.0,239.0,71.0,244.0,240.0,61.0,242.0
176.0,164.0,149.0,170.0,199.0,154.0,167.0,142.0,119.0
52.0,59.0,59.0,52.0,87.0,87.0,52.0,52.0,87.0
242.0,241.0,242.0,232.0,202.0,245.0,243.0,241.0,245.0
138.0,127.0,131.0,152.0,180.0,148.0,166.0,163.0,150.0
219.0,151.0,122.0,188.0,44.0,62.0,161.0,63.0,77.0
86.0,124.0,74.0,78.0,126.0,67.0,82.0,98.0,61.0
107.0,96.0,90.0,106.0,96.0,88.0,103.0,109.0,86.0
225.0,172.0,218.0,172.0,110.0,185.0,230.0,168.0,225.0
255.0,255.0,255.0,32.0,84.0,102.0,255.0,255.0,255.0
160.0,161.0,162.0,158.0,96.0,165.0,161.0,164.0,165.0
123.0,120.0,124.0,135.0,140.0,131.0,150.0,158.0,190.0
255.0,255.0,255.0,255.0,254.0,255.0,255.0,255.0,255.0
159.0,179.0,184.0,212.0,147.0,180.0,175.0,178.0,179.0
161.0,174.0,172.0,106.0,106.0,105.0,109.0,114.0,119.0
186.0,125.0,78.0,92.0,143.0,133.0,155.0,169.0,222.0
106.0,92.0,103.0,92.0,90.0,86.0,147.0,92.0,189.0
169.0,81.0,164.0,132.0,124.0,132.0,112.0,110.0,114.0
132.0,136.0,142.0,66.0,84.0,98.0,66.0,74.0,105.0
129.0,138.0,128.0,134.0,169.0,131.0,121.0,100.0,125.0
135.0,105.0,129.0,158.0,159.0,188.0,172.0,46.0,42.0
158.0,151.0,157.0,171.0,148.0,159.0,116.0,117.0,128.0
255.0,255.0,255.0,255.0,255.0,255.0,255.0,255.0,255.0
215.0,146.0,211.0,138.0,161.0,179.0,213.0,216.0,217.0
213.0,213.0,213.0,213.0,213.0,213.0,213.0,213.0,213.0
214.0,183.0,213.0,199.0,189.0,180.0,212.0,201.0,203.0
202.0,202.0,202.0,202.0,254.0,202.0,202.0,255.0,202.0
